laptop_name,price,brand_name,rating,num_to_rate,shiping,save_prec,touch,display,processor,gpu,hdd,ssd
"GIGABYTE AERO 15-X9-9RT4K5MP 15.6"" 4K/UHD IPS Intel Core i9 8th Gen 8950HK (2.90 GHz) NVIDIA GeForce RTX 2070 32 GB Memory 1 TB SSD Windows 10 Pro 64-bit Gaming Laptop",3099.0,GIGABYTE,Rating + 4,363,Free Shipping,,0,"15.6""",i9,RTX 2070,,1 TB SSD
"Lenovo Y50 Touch (59426255) 15.6"" Intel Core i7 4th Gen 4700HQ (2.40 GHz) NVIDIA GeForce GTX 860M 8 GB Memory 8 GB SSD 1 TB HDD Windows 8.1 64-Bit Gaming Laptop",1684.0,Lenovo,Rating + 3,186,Free Shipping,,1,"15.6""",i7,GTX 860,1 TB HDD,8 GB SSD
"MSI GP63 Leopard-013 Gaming Laptop GTX 1060 6 GB i7-8750H  15.6"" Windows 10 Home 64-bit",1530.0,MSI,Rating + 4,156,Free Shipping,,0,"15.6""",i7,GTX 1060,,
"MSI GS Series GS65 Stealth THIN-053 Gaming Laptop GTX 1070 i7-8750H 15.6"" Windows 10 Pro 64-Bit",2499.0,MSI,Rating + 4,155,Free Shipping,,0,"15.6""",i7,GTX 1070,,
"Acer Aspire V15 Nitro Black Edition VN7-591G-70RT 15.6"" IPS Intel Core i7 4th Gen 4720HQ (2.60 GHz) NVIDIA GeForce GTX 960M 8 GB Memory 1 TB HDD Windows 8.1 64-Bit Gaming Laptop",895.0,Acer America,Rating + 4,100,Free Shipping,,0,"15.6""",i7,GTX 960,1 TB HDD,
"Acer Aspire 7 17.3"" IPS FHD 60 Htz  GTX 1060 6 GB VRAM 8th Gen Intel 6-core i7-8750H 16 GB Memory 256 GB SSD Windows 10 Home VR Ready Gaming Laptop A717-72G-700J - ONLY @ NEWEGG",849.0,Acer America,Rating + 4,99,Free Shipping,29%,0,"17.3""",i7,GTX 1060,,256 GB SSD
"Lenovo Y700-17ISK (80Q000C0US) 17.3"" IPS Intel Core i7 6th Gen 6700HQ (2.60 GHz) NVIDIA GeForce GTX 960M 16 GB Memory 128 GB SSD 1 TB HDD Windows 10 Home 64-Bit Gaming Laptop",1299.0,Lenovo,Rating + 4,99,Free Shipping,19%,0,"17.3""",i7,GTX 960,1 TB HDD,128 GB SSD
"MSI GL63 15.6"" Full HD Gaming Notebook Computer, Intel Core i7-8750H 2.20GHz, 16GB RAM, 256GB SSD, NVIDIA GeForce GTX 1060 6GB, Windows 10 Home",1099.0,MSI,Rating + 4,92,Special Shipping,23%,0,"15.6""",i7,GTX 1060,,256GB SSD
"DELL Inspiron i7559-2512BLK Gaming Laptop Intel Core i7 6700HQ (2.60 GHz) 8 GB Memory 1 TB HDD 8 GB SSD NVIDIA GeForce GTX 960M 4 GB GDDR5 15.6"" 1920 x 1080 Windows 10 Home 64-Bit",799.0,DELL,Rating + 3,72,$5.40 Shipping,20%,0,"15.6""",i7,GTX 960,1 TB HDD,8 GB SSD
"ASUS N550JX-DS71T 15.6"" IPS 4th Generation Intel Core i7 4720HQ (2.60 GHz) NVIDIA GeForce GTX 950M 8 GB Memory 1 TB HDD Windows 8.1 64-Bit Laptop",1499.0,ASUS,Rating + 3,51,Free Shipping,,0,"15.6""",i7,GTX 950,1 TB HDD,
"ASUS FX504GD-NH51 15.6"" IPS GTX 1050 Intel 8th Gen i5-8300H (2.30 GHz) 8 GB Memory 256 GB SSD Windows 10 Home 64-bit Gaming Laptop -- ONLY @ NEWEGG",669.0,ASUS,Rating + 3,50,Free Shipping,,0,"15.6""",i5,GTX 1050,,256 GB SSD
"ASUS ROG Strix SCAR II Gaming Laptop, 17.3"" 144 Hz IPS-Type Full HD, NVIDIA GeForce RTX 2070 8 GB, Intel Core i7-8750H Processor, 16 GB DDR4 RAM, 512 GB PCIe SSD, RGB KB, Windows 10 - GL704GW-PS74",1780.0,ASUS,Rating + 4,42,Free Shipping,15%,0,"17.3""",i7,RTX 2070,,512 GB PCIe SSD
"ASUS TUF Gaming FX504GE-ES72 15.6"" IPS Intel Core i7 8th Gen 8750H (2.20 GHz) NVIDIA GeForce GTX 1050 Ti 8 GB Memory 256 GB SSD Windows 10 Home 64-Bit Gaming Laptop",988.0,ASUS,Rating + 4,42,Free Shipping,,0,"15.6""",i7,GTX 1050,,256 GB SSD
"Refurbished: Acer Predator Helios 300 G3-571-77QK 15.6"" Intel Core i7 7th Gen 7700HQ (2.80 GHz) NVIDIA GeForce GTX 1060 16 GB Memory 256 GB SSD Windows 10 Home 64-Bit Gaming Laptop (Manufacturer Recertified)",949.0,Acer America,Rating + 4,41,Free Shipping,,0,"15.6""",i7,GTX 1060,,256 GB SSD
"MSI GL Series GL73 9RCX-030 17.3"" 60 Hz Intel Core i5 9th Gen 9300H (2.40 GHz) NVIDIA GeForce GTX 1050 Ti 8 GB Memory 256 GB NVMe SSD Windows 10 Home 64-bit Gaming Laptop",699.0,MSI,Rating + 4,38,Free Shipping,22%,0,"17.3""",i5,GTX 1050,,256 GB NVMe SSD
"GIGABYTE AERO 15-X9-RT5P Core i7-8750H NVIDIA GeForce RTX 2070 16 GB Memory 1 TB Intel SSD Win10 Pro 15.6"" FHD LG IPS 144 Hz Gaming Laptop",1899.0,GIGABYTE,Rating + 4,34,Free Shipping,21%,0,"15.6""",i7,RTX 2070,,
"Acer Helios 300 PH317-51-7578 17.3"" GTX 1060 6 GB VRAM i7-7700HQ 16 GB Memory 128 GB SSD + 1 TB HDD Windows 10 Home VR Ready Gaming Laptop - ONLY @ NEWEGG",1549.0,Acer America,Rating + 4,33,Free Shipping,,0,"17.3""",i7,GTX 1060,1 TB HDD,128 GB SSD
"ASUS ROG STRIX Scar Edition 120 Hz Display GL503VD-EB72 15.6"" Gaming Laptop, Intel Core i7-7700HQ Processor (up to 3.8 GHz), GTX 1050 4 GB, 8 GB DDR4, 128 GB PCIEG3x4 NVMe SSD + 1 TB Hybrid Drive",1447.0,ASUS,Rating + 4,32,Free Shipping,,0,"15.6""",i7,GTX 1050,,
"ASUS ROG Strix Scar Edition 17.3"" Gaming Laptop, 8th-Gen 6-Core Intel Core i7-8750H Processor (Up to 3.9 GHz), GeForce GTX 1070 8 GB, 144 Hz 3 ms Display, 16 GB DDR4, 256 GB PCIe SSD + 1 TB SSHD",1624.0,ASUS,Rating + 3,31,Free Shipping,,0,"17.3""",i7,GTX 1070,,256 GB PCIe SSD
"ASUS GL703VM-NH74 17.3"" Intel Core i7 7th Gen 7700HQ (2.80 GHz) NVIDIA GeForce GTX 1060 16 GB Memory 256 GB SSD 1 TB HDD Windows 10 Home 64-Bit Gaming Laptop -- ONLY @ NEWEGG",1799.0,ASUS,Rating + 4,29,Free Shipping,10%,0,"17.3""",i7,GTX 1060,1 TB HDD,256 GB SSD
"DELL Inspiron 15 i5577-5328BLK-PUS 15.6"" Intel Core i5 7th Gen 7300HQ (2.50 GHz) NVIDIA GeForce GTX 1050 8 GB Memory 1 TB HDD Windows 10 Home 64-Bit Gaming Laptop",694.0,DELL,Rating + 4,28,Free Shipping,31%,0,"15.6""",i5,GTX 1050,1 TB HDD,
"ASUS ROG Zephyrus GX501 (8th-Gen) 15.6"" Ultra Slim Gaming Laptop, 144 Hz IPS-Type G-SYNC Panel, GTX 1080 8 GB, Intel Core i7-8750H Processor (up to 3.9 GHz), 512 GB PCIe SSD, 16 GB DDR4 2666 MHz",1567.0,ASUS,Rating + 3,26,Free Shipping,17%,0,"15.6""",i7,GTX 1080,,512 GB PCIe SSD
"Lenovo Legion Y520 (80WK00HSUS) 15.6"" IPS Intel Core i7 7th Gen 7700HQ (2.80 GHz) NVIDIA GeForce GTX 1050 Ti 8 GB Memory 256 GB SSD Windows 10 Home 64-Bit Gaming Laptop",1399.0,Lenovo,Rating + 3,26,Free Shipping,,0,"15.6""",i7,GTX 1050,,256 GB SSD
"Acer Predator G9-593-71EH Intel Core i7 7th Gen 7700HQ (2.80 GHz) NVIDIA GeForce GTX 1070 16 GB Memory 256 GB SSD (2 x 128 GB in Raid 0) 1 TB HDD 15.6"" Full HD (1920 x 1080) IPS Display with G-SYNC",1701.0,Acer America,Rating + 3,25,$22.99 Shipping,,0,"15.6""",i7,GTX 1070,1 TB HDD,256 GB SSD
"Razer Blade RZ09-01021101-R3U1 14.0"" Intel Core i7 4th Gen 4702HQ (2.20 GHz) NVIDIA GeForce GTX 765M 8 GB Memory 256 GB SSD Windows 8.1 Gaming Laptop",3799.0,RAZER,Rating + 5,24,Free Shipping,,0,"14.0""",R3,GTX 765,,256 GB SSD
"Lenovo Legion Y720 80VR001BUS 15.6"" FHD GTX 1060 6 GB VRAM i7-7700HQ 16 GB Memory 1 TB HDD + 128 GB SSD Windows 10 Home VR Ready Gaming Laptop",1577.0,Lenovo,Rating + 4,24,Special Shipping,,0,"15.6""",R0,GTX 1060,1 TB HDD,128 GB SSD
"MSI GL62M 15.6"" IPS GTX 1050 i5-7300HQ 8 GB Memory 256 GB SSD Windows 10 Home Gaming Laptop English Version",999.0,MSI,Rating + 4,24,$9.99 Shipping,,0,"15.6""",i5,GTX 1050,,256 GB SSD
"AORUS 15-X9-RT4AD Core i7-8750H NVIDIA GeForce RTX 2070 16 GB Memory 512 GB Intel SSD 1 TB HDD Win10 15.6"" FHD LG IPS 144 Hz Gaming Laptop -- ONLY @ NEWEGG",2499.0,AORUS,Rating + 4,23,Free Shipping,,0,"15.6""",i7,RTX 2070,1 TB HDD,
"MSI GE Series GE63 Raider RGB-052 15.6"" 144 Hz IPS Intel Core i7 8th Gen 8750H (2.20 GHz) NVIDIA GeForce RTX 2070 16 GB Memory 256 GB NVMe SSD 1 TB HDD Windows 10 Home 64-bit Gaming Laptop",2299.0,MSI,Rating + 4,23,Special Shipping,23%,0,"15.6""",i7,RTX 2070,1 TB HDD,256 GB NVMe SSD
"ASUS ROG Strix Scar II Gaming Laptop, 15.6"" 144 Hz IPS-Type Full HD, NVIDIA GeForce RTX 2070 8 GB, Intel Core i7-8750H Processor, 16 GB DDR4, 512 GB PCIe NVMe SSD, RGB KB, Windows 10 - GL504GW-DS74",1635.0,ASUS,Rating + 4,20,Free Shipping,,0,"15.6""",i7,RTX 2070,,
"ASUS ROG GL771JM-DH71 17.3"" Intel Core i7 4th Gen 4710HQ (2.50 GHz) NVIDIA GeForce GTX 860M 12 GB Memory 1 TB HDD Windows 8.1 64-Bit Gaming Laptop",1299.0,ASUS,Rating + 2,20,Free Shipping,,0,"17.3""",i7,GTX 860,1 TB HDD,
"ASUS VivoBook M580VD-EB76 15.6"" Intel Core i7 7th Gen 7700HQ (2.80 GHz) NVIDIA GeForce GTX 1050 16 GB DDR4 Memory 256 GB SSD 1 TB HDD Windows 10 Home 64-Bit Gaming Laptop",1866.0,ASUS,Rating + 4,20,Free Shipping,,0,"15.6""",i7,GTX 1050,1 TB HDD,256 GB SSD
"ASUS ROG Zephyrus  GX701GX-XB78 17.3"" 144 Hz Intel Core i7 9th Gen 9750H (2.60 GHz) NVIDIA GeForce RTX 2080 32 GB Memory 1 TB SSD Windows 10 Pro 64-bit Gaming Laptop",3219.0,ASUS,Rating + 4,18,Free Shipping,,0,"17.3""",i7,RTX 2080,,1 TB SSD
"Acer Aspire 7 A715-72G-79BH 15.6"" IPS GTX 1050 4 GB GDDR5 VRAM i7-8750H 8 GB Memory 1 TB HDD Windows 10 Home Gaming Laptop",749.0,Acer America,Rating + 4,18,Free Shipping,25%,0,"15.6""",R5,GTX 1050,1 TB HDD,
"Acer Predator Helios 500 PH517-61-R0GX 17.3"" FHD IPS RX Vega 56 8 GB VRAM AMD Ryzen 7 2700 16 GB Memory 256 GB SSD Windows 10 Home Gaming Laptop",1695.0,Acer America,Rating + 4,18,Free Shipping,,0,"17.3""",R0,,,256 GB SSD
"MSI GE63 Raider RGB-010 Gaming Laptop GTX 1070 8 GB i7-8750H 15.6"" Windows 10 Home 64-Bit",1529.0,MSI,Rating + 4,17,Free Shipping,23%,0,"15.6""",i7,GTX 1070,,
"ASUS ROG GL503VD-DB74 15.6"" Intel Core i7 7th Gen 7700HQ (2.80 GHz) NVIDIA GeForce GTX 1050 16 GB Memory 256 GB SSD 1 TB HDD Windows 10 Home 64-Bit Gaming Laptop",1349.0,ASUS,Rating + 3,17,$23.99 Shipping,,0,"15.6""",i7,GTX 1050,1 TB HDD,256 GB SSD
"ASUS ROG GL503VD-DB71 15.6"" Intel Core i7 7th Gen 7700HQ (2.80 GHz) NVIDIA GeForce GTX 1050 16 GB Memory 1 TB SSHD (8 GB SSD Cache) Windows 10 Home 64-Bit Gaming Laptop",1047.0,ASUS,Rating + 3,17,Free Shipping,,0,"15.6""",i7,GTX 1050,,8 GB SSD
"ASUS ROG Zephyrus M GM501GM-WS74 15.6"" Ultra Slim 144 Hz IPS-Type G-SYNC Panel GTX 1060 6 GB VRAM i7-8750H 16 GB Memory 256 GB PCIe SSD + 1 TB SSHD Windows 10 Home VR Ready Gaming Laptop",2616.0,ASUS,Rating + 4,15,Free Shipping,25%,0,"15.6""",i7,GTX 1060,,256 GB PCIe SSD
"Acer Nitro 5 AN515-51-522L 15.6"" IPS Intel Core i5 7th Gen 7300HQ (2.50 GHz) NVIDIA GeForce GTX 1050 8 GB Memory 1 TB HDD Windows 10 Home 64-Bit Gaming Laptop",949.0,Acer America,Rating + 4,15,Free Shipping,,0,"15.6""",i5,GTX 1050,1 TB HDD,
"ASUS K570UD-ES54 15.6"" FHD GeForce GTX 1050 Core i5-8250U 8 GB Memory 256 GB SSD Windows 10 Home Gaming Laptop With Fingerprint Reader and Backlit Keyboard",944.0,ASUS,Rating + 3,15,Free Shipping,,0,"15.6""",i5,GTX 1050,,256 GB SSD
"ASUS TUF Gaming Laptop, 15.6"" 120 Hz Full HD IPS-Type, AMD Ryzen 7 R7-3750H, GeForce GTX 1650, 8 GB DDR4, 512 GB PCIe SSD, Gigabit Wi-Fi 5, Windows 10 Home, FX505DT-EB73",879.0,ASUS,Rating + 4,14,Free Shipping,,0,"15.6""",R7,GTX 1650,,512 GB PCIe SSD
"Acer Nitro 5 AN515-51-55WL 15.6"" IPS GTX 1050 Ti 4 GB VRAM i5-7300HQ 8 GB Memory 256 GB SSD Windows 10 Home Gaming Laptop",749.0,Acer America,Rating + 4,13,$5.28 Shipping,25%,0,"15.6""",i5,GTX 1050,,256 GB SSD
"MSI GT Series GT83 TITAN-016 18.4"" IPS GTX 1070 SLI 16 GB VRAM i7-8850H 32 GB Memory 512 GB SSD 1 TB HDD Windows 10 Home 64-Bit Gaming Laptop -- ONLY @ NEWEGG",2499.0,MSI,Rating + 4,13,Free Shipping,,0,"18.4""",i7,GTX 1070,1 TB HDD,512 GB SSD
"MSI GL Series GL63 8SE-209 15.6"" 120 Hz Intel Core i5 8th Gen 8300H (2.30 GHz) NVIDIA GeForce RTX 2060 16 GB Memory 256 GB NVMe SSD Windows 10 Home 64-bit Gaming Laptop",1586.0,MSI,Rating + 4,13,Free Shipping,,0,"15.6""",i5,RTX 2060,,256 GB NVMe SSD
"MSI PL62 7RC-001 15.6"" IPS Intel Core i7 7th Gen 7700HQ (2.80 GHz) NVIDIA GeForce MX150 8 GB Memory 1 TB HDD Windows 10 Home 64-Bit Gaming Laptop",2303.0,MSI,Rating + 3,13,Free Shipping,,0,"15.6""",i7,,1 TB HDD,
"ASUS GL503VM-IH73 15.6"" Intel Core i7 7th Gen 7700HQ (2.80 GHz) NVIDIA GeForce GTX 1060 16 GB Memory 128 GB M.2 SATA SSD 1 TB HDD Windows 10 Home 64-Bit Gaming Laptop",1349.0,ASUS,Rating + 4,13,Free Shipping,,0,"15.6""",i7,GTX 1060,1 TB HDD,
"ASUS VivoBook Pro 17 N705UD-EH76 17.3"" Thin and Portable FHD Laptop, GTX 1050, Intel Core i7-8550U 1.80 GHz Processor, 16 GB DDR4 RAM, 256 GB SSD + 1 TB HDD, 802.11ac Wi-Fi, USB-C, Backlit Keyboard",1327.0,ASUS,Rating + 4,13,Free Shipping,,0,"17.3""",i7,GTX 1050,1 TB HDD,256 GB SSD
"Acer Predator 17 G9-793-79V5 Gaming Laptop Intel Core i7-7700HQ , GeForce GTX 1070, 17.3"" Full HD G-SYNC, 16 GB DDR4, 1 TB HDD, 256 GB SSD, Windows 10 Home",2099.0,Acer America,Rating + 3,13,Free Shipping,,0,"17.3""",i7,GTX 1070,1 TB HDD,256 GB SSD
"ASUS FX503VD-EH73 15.6” FHD Powerful Gaming Laptop, Intel Core i7-7700HQ Quad-Core 2.8GHz Processor, GTX 1050 4GB, 128GB SSD + 1TB HDD, 8GB DDR4, Windows 10 Home",1597.0,ASUS,Rating + 4,13,Free Shipping,,0,15.6”,i7,GTX 1050,1TB HDD,128GB SSD
"ASUS ROG G703GX Gaming Laptop, GeForce RTX 2080, Intel Core i7-8750H, 17.3"" Full HD 144 Hz 3 ms G-SYNC, 16 GB DDR4, 512 GB PCIe SSD + 1 TB SSHD, Per-Key RGB, Windows 10 Pro, G703GX-XS71",2599.0,ASUS,Rating + 4,12,Free Shipping,13%,0,"17.3""",i7,RTX 2080,,512 GB PCIe SSD
"Refurbished: ASUS ROG GL551 series GL551JM-DH71 15.6"" Intel Core i7 4th Gen 4710HQ (2.50 GHz) NVIDIA GeForce GTX 860M 16 GB Memory 1 TB HDD Windows 8.1 64-Bit Gaming Laptop",1299.0,ASUS,Rating + 3,11,Free Shipping,,0,"15.6""",i7,GTX 860,1 TB HDD,
"Refurbished: Acer Predator 17 G9-793-78CM 17.3"" Intel Core i7 6th Gen 6700HQ (2.60 GHz) NVIDIA GeForce GTX 1070 16 GB Memory 256 GB SSD 1 TB HDD Windows 10 Home 64-Bit Gaming Laptop (Manufacturer Recertified)",1349.0,Acer America,Rating + 4,11,Free Shipping,33%,0,"17.3""",i7,GTX 1070,1 TB HDD,256 GB SSD
AERO 15 OLED SA-7US5020SH UHD AMOLED i7-9750H NVIDIA GeForce GTX 1660 Ti 6 GB GDDR6 8 GB RAM 256 GB M.2 PCIe SSD Win 10 Gaming Laptop,1399.0,GIGABYTE,Rating + 5,10,Free Shipping,18%,0,,i7,GTX 1660,,
"GIGABYTE AERO 15 Classic-WA-U74ADP 15.6"" 4K/UHD 60 Hz IPS Intel Core i7 9th Gen 9750H (2.60 GHz) NVIDIA GeForce RTX 2060 16 GB Memory 512 GB SSD Windows 10 Pro 64-bit Gaming Laptop",2300.0,GIGABYTE,Rating + 4,10,Free Shipping,5%,0,"15.6""",i7,RTX 2060,,512 GB SSD
"MSI GS75 Stealth-202 17.3"" 144 Hz IPS Intel Core i7 8th Gen 8750H (2.20 GHz) NVIDIA GeForce RTX 2080 Max-Q 16 GB Memory 256 GB NVMe SSD Windows 10 Pro 64-bit Gaming Laptop",2199.0,MSI,Rating + 4,10,Special Shipping,40%,0,"17.3""",i7,RTX 2080,,256 GB NVMe SSD
"ASUS ROG Strix Hero Edition 15.6"" Gaming Laptop, 8th-Gen Intel Core i5-8300H Processor (Up to 3.9 GHz), GeForce GTX 1050 Ti 4 GB, 120 Hz 3 ms Display, 8 GB DDR4, 128 GB PCIe SSD + 1 TB SSHD, RGB KB",1099.0,ASUS,Rating + 3,10,Special Shipping,23%,0,"15.6""",i5,GTX 1050,,128 GB PCIe SSD
"ASUS ROG Zephyrus S GX701 Gaming Laptop, 17.3"" 144 Hz Pantone Validated FHD IPS, GeForce RTX 2080, Intel Core i7-8750H CPU, 16 GB DDR4, 1 TB PCIe NVMe SSD Hyper Drive, Windows 10 Pro - GX701GX-XS76",2799.0,ASUS,Rating + 4,9,Free Shipping,15%,0,"17.3""",i7,RTX 2080,,
"MSI GL Series GL73 8SE-028 17.3"" 120 Hz Intel Core i5 8th Gen 8300H (2.30 GHz) NVIDIA GeForce RTX 2060 16 GB Memory 256 GB NVMe SSD Windows 10 Home 64-bit Gaming Laptop",1499.0,MSI,Rating + 3,9,Free Shipping,,0,"17.3""",i5,RTX 2060,,256 GB NVMe SSD
"Acer Predator Helios 500 PH517-51-72NU 17.3"" 144 Hz IPS GTX 1070 8 GB VRAM i7-8750H 16 GB Memory 1 TB HDD + 256 GB SSD Windows 10 Home Gaming Laptop",2375.0,Acer America,Rating + 4,9,$21.99 Shipping,,0,"17.3""",i7,GTX 1070,1 TB HDD,256 GB SSD
"MSI GF Series GF63 THIN 8SC-030 15.6"" IPS Intel Core i5 8th Gen 8300H (2.30 GHz) NVIDIA GeForce GTX 1650 8 GB Memory 256 GB NVMe SSD Windows 10 Home 64-bit Gaming Laptop -- ONLY @ NEWEGG",1108.0,MSI,Rating + 4,9,Free Shipping,,0,"15.6""",i5,GTX 1650,,256 GB NVMe SSD
"The Razer Blade GeForce GTX 1060 VR Ready, 14"" HD Gaming Laptop, Intel Core i7 7th Gen i7 7700HQ (2.80GHz), 16 GB RAM, 512 GB SSD",1899.0,RAZER,Rating + 3,9,Free Shipping,37%,0,,i7,GTX 1060,,512 GB SSD
"Refurbished: Acer Predator 17 X GX-792-7448 17.3"" Intel Core i7 7th Gen 7700HQ (2.80 GHz) NVIDIA GeForce GTX 1080 16 GB Memory 256 GB SSD 1 TB HDD Windows 10 Home 64-Bit Gaming Laptop",1599.0,Acer America,Rating + 4,9,Free Shipping,36%,0,"17.3""",i7,GTX 1080,1 TB HDD,256 GB SSD
"ASUS ZenBook Pro 15 UX550GE-XB71T 15.6-inch UHD 4K Touch Laptop, Intel Core i7-8750HK, 16GB 2133MHz RAM, 512GB PCIe x4 SSD, Windows 10 Professional, Fingerprint, NVIDIA GTX 1050 Ti",2105.0,ASUS,Rating + 4,8,$14.99 Shipping,,1,,i7,GTX 1050,,
"Refurbished: Acer Gaming Laptop Predator 17 G9-793-79V5 Intel Core i7 7th Gen 7700HQ (2.80 GHz) 16 GB Memory 1 TB HDD 256 GB SSD NVIDIA GeForce GTX 1070 17.3"" Windows 10 Home 64-Bit Grade A",1298.0,Acer America,Rating + 3,8,Free Shipping,,0,"17.3""",i7,GTX 1070,1 TB HDD,256 GB SSD
"ASUS FX705GM-NH74 17.3"" IPS Intel Core i7 8th Gen 8750H NVIDIA GeForce GTX 1060 16 GB Memory 256 GB SSD 1 TB HDD Windows 10 Home 64-Bit Gaming Laptop -- ONLY @ NEWEGG",1199.0,ASUS,Rating + 4,8,Free Shipping,,0,"17.3""",i7,GTX 1060,1 TB HDD,256 GB SSD
"ROG Zephyrus S Thin and Portable (2019) Gaming laptop, 15.6"" 240 Hz G-SYNC FHD IPS, GeForce RTX 2070, i7-9750H, 16 GB DDR4 RAM, 1 TB PCIe Hyper Drive SSD, Per-key RGB, Windows 10 Pro, GX502GW-XB76",2199.0,ASUS,Rating + 4,7,Free Shipping,,0,"15.6""",i7,RTX 2070,,
"Refurbished: Acer Predator Helios 300 PH315-51-78NP 15.6"" 144 Hz IPS Intel Core i7 8th Gen 8750H (2.20 GHz) GeForce GTX 1060 16 GB Memory 256 GB SSD Windows 10 Home 64-bit Gaming Laptop (Manufacturer Recertified)",799.0,Acer America,Rating + 3,7,Free Shipping,60%,0,"15.6""",i7,GTX 1060,,256 GB SSD
"MSI GE Series GE75 Raider-286 17.3"" 144 Hz IPS Intel Core i7 9th Gen 9750H (2.60 GHz) NVIDIA GeForce RTX 2070 16 GB Memory 512 GB NVMe SSD Windows 10 Home 64-bit Gaming Laptop",1999.0,MSI,Rating + 3,7,Special Shipping,23%,0,"17.3""",i7,RTX 2070,,512 GB NVMe SSD
"Razer Blade 15 RZ09-02705E76-R3U1 15.6"" 60 Hz Intel Core i7 8th Gen 8750H (2.20 GHz) NVIDIA GeForce GTX 1060 16 GB Memory 128 GB SSD 1 TB HDD Windows 10 Home 64-bit Gaming Laptop",1949.0,RAZER,Rating + 4,7,Free Shipping,,0,"15.6""",R3,GTX 1060,1 TB HDD,128 GB SSD
"MSI GP Series GP63 8RD-048CA Leopard 15.6"" Intel Core i7 8th Gen 8750H (2.20 GHz) NVIDIA GeForce GTX 1050 Ti 16 GB Memory 128 GB SSD 1 TB HDD Windows 10 Home 64-Bit Gaming Laptop",1572.0,MSI,Rating + 4,7,$10.99 Shipping,,0,"15.6""",i7,GTX 1050,1 TB HDD,128 GB SSD
"ASUS UX550VE-DB71T 15.6"" Intel Core i7 7th Gen 7700HQ (2.80 GHz) NVIDIA GeForce GTX 1050 Ti 16 GB Memory 512 GB SSD Touch Screen Windows 10 Home 64-Bit Gaming Laptop",2129.0,ASUS,Rating + 4,7,Free Shipping,,1,"15.6""",i7,GTX 1050,,512 GB SSD
"Refurbished: Lenovo Y50 15.6"" Full HD Gaming Laptop with Quad Core i7-4710HQ 2.50GHz (3.50GHz Turbo), 16GB Memory, 1TB HDD + 8GB SSD, NVIDIA GeForce GTX 860M 4GB, JBL Speakers, Windows 8.1 64-Bit",1399.0,Lenovo,Rating + 4,7,Free Shipping,,0,"15.6""",i7,GTX 860,1TB HDD,8GB SSD
"ASUS ROG Strix SCAR II GL704GM-DH74 17.3"" 144 Hz IPS Intel Core i7 8th Gen 8750H (2.20 GHz) NVIDIA GeForce GTX 1060 16 GB Memory 256 GB PCIe NVMe SSD 1 TB HDD Windows 10 Home 64-bit Gaming Laptop",1699.0,ASUS,Rating + 4,6,Special Shipping,23%,0,"17.3""",i7,GTX 1060,1 TB HDD,
Eluktronics MECH-15 G2Rx Slim & Light NVIDIA GeForce GTX 1660Ti Gaming Laptop with Mechanical RGB Keyboard - Intel i7-9750H CPU 6GB GDDR6 VR Ready GPU 15.6” 144Hz Full HD IPS 512GB NVMe SSD + 16GB RAM,1399.0,Eluktronics,Rating + 5,6,Special Shipping,13%,0,15.6”,i7,GTX 1660,,512GB NVMe SSD
"ASUS ROG GX531GM-DH74 15.6"" 144 Hz Intel Core i7 8th Gen 8750H (2.20 GHz) NVIDIA GeForce GTX 1060 16 GB Memory 512 GB SSD Windows 10 Home 64-bit Gaming Laptop",1499.0,ASUS,Rating + 5,6,$19.10 Shipping,,0,"15.6""",i7,GTX 1060,,512 GB SSD
"ASUS FX505DY-ES51 15.6"" 60 Hz AMD Ryzen 5 3550H (2.10 GHz) AMD Radeon RX 560X 8 GB Memory 256 GB SSD Windows 10 Home 64-bit Gaming Laptop",753.0,ASUS,Rating + 4,6,Free Shipping,,0,"15.6""",,,,256 GB SSD
"MSI GS Series GS65 8RF-074CA Stealth Thin 15.6"" Intel Core i7 8th Gen 8750H (2.20 GHz) NVIDIA GeForce GTX 1070 16 GB Memory 256 GB NVMe SSD Windows 10 Pro 64-Bit Gaming Laptop",2631.0,MSI,Rating + 4,6,$15.99 Shipping,,0,"15.6""",i7,GTX 1070,,256 GB NVMe SSD
"ASUS ROG Strix Scar Edition 15.6” Gaming Laptop, 8th-Gen 6-Core Intel Core i7-8750H processor (up to 3.9GHz), GTX 1050 Ti 4GB, 120Hz 3ms display, 8GB DDR4, 1TB SSHD",1088.0,ASUS,Rating + 4,6,Free Shipping,,0,15.6”,i7,GTX 1050,,
"ASUS GA502DU-PB73 15.6"" 60 Hz IPS AMD Ryzen 7 2nd Gen 3750H (2.30 GHz) NVIDIA GeForce GTX 1660 Ti 8 GB Memory 512 GB SSD Windows 10 Home 64-bit Gaming Laptop",1229.0,ASUS,Rating + 3,6,$26.95 Shipping,26%,0,"15.6""",,GTX 1660,,512 GB SSD
"ASUS TUF Gaming FX504GM-ES74 15.6"" 120 Hz Intel Core i7 8th Gen 8750H (2.20 GHz) NVIDIA GeForce GTX 1060 16 GB Memory 256 GB PCIe NVMe SSD 1 TB HDD Windows 10 Home 64-bit Gaming Laptop",1299.0,ASUS,Rating + 4,6,$5.28 Shipping,21%,0,"15.6""",i7,GTX 1060,1 TB HDD,
"Refurbished: Lenovo Laptop Y40 14” Full HD Gaming Notebook with Intel Core i7 4510U 2.00Ghz (3.10Ghz), 8GB Memory, 1TB HDD + 8GB SSD, Radeon R9 M275 2GB, Windows 8.1 64-Bit",849.0,Lenovo,Rating + 4,6,Free Shipping,,0,,i7,,1TB HDD,8GB SSD
"ASUS VivoBook R510IK-LHFX 15.6"" AMD FX-Series FX-9830P (3.0 GHz) AMD Radeon RX 560 8 GB Memory 1 TB HDD Windows 10 Home 64-Bit Gaming Laptop",589.0,ASUS,Rating + 3,5,Free Shipping,,0,"15.6""",R5,,1 TB HDD,
"Refurbished: Acer Predator Helios 500 PH517-51-72NU 17.3"" 144 Hz IPS Intel Core i7 8th Gen 8750H (2.20 GHz) NVIDIA GeForce GTX 1070 16 GB Memory 256 GB PCIe NVMe SSD 1 TB HDD Windows 10 Home 64-bit Grade A Gaming",1399.0,Acer America,Rating + 4,5,Free Shipping,30%,0,"17.3""",i7,GTX 1070,1 TB HDD,
"HP Omen X 17-ap010nr 17.3"" FHD IPS GTX 1070 8 GB VRAM i7-7700HQ 16 GB Memory 1 TB HDD + 256 GB SSD Windows 10 Home Gaming Laptop",1899.0,HP,Rating + 5,5,Free Shipping,5%,0,"17.3""",i7,GTX 1070,1 TB HDD,256 GB SSD
"ASUS TUF Gaming FX504GD-RS51 15.6"" Intel Core i5 8th Gen 8300H (2.30 GHz) NVIDIA GeForce GTX 1050 8 GB Memory 1 TB FireCuda SSHD (8 GB SSD Cache) Windows 10 Home 64-Bit Gaming Laptop",968.0,ASUS,Rating + 3,5,$13.99 Shipping,,0,"15.6""",i5,GTX 1050,,8 GB SSD
"ASUS ROG Strix GL703GE-DB71-CA 17.3"" 120 Hz Intel Core i7 8th Gen 8750H (2.20 GHz) NVIDIA GeForce GTX 1050 Ti 16 GB Memory 256 GB SSD 1 TB SSHD HDD Windows 10 Home 64-Bit Gaming Laptop",1671.0,ASUS,Rating + 5,5,Free Shipping,,0,"17.3""",i7,GTX 1050,,256 GB SSD
"MSI GT75 TITAN 17.3"" FHD Gaming Laptop - Intel Core i9-8950HK, RTX2080, 16GB DDR4, 256GB NVMe SSD, Mechanical  Keyboard, Win10, VR Ready, GT75 TITAN-013",3399.0,MSI,Rating + 3,5,Special Shipping,23%,0,"17.3""",i9,RTX2080,,256GB NVMe SSD
"MSI GP Series GP65 Leopard 9SF-240 15.6"" 144 Hz IPS Intel Core i7 9th Gen 9750H (2.60 GHz) NVIDIA GeForce RTX 2070 16 GB Memory 512 GB NVMe SSD Windows 10 Home 64-bit Gaming Laptop",1599.0,MSI,Rating + 3,4,Free Shipping,6%,0,"15.6""",i7,RTX 2070,,512 GB NVMe SSD
"ASUS VivoBook K570ZD Laptop, 15.6"" FHD IPS-level, AMD Quad Core Ryzen 5 2500U up to 3.6 GHz, GeForce GTX 1050 Graphics, 8 GB DDR4 RAM, 256 GB PCIe SSD, Wi-Fi 5, Fingerprint, Backlit KB",599.0,ASUS,Rating + 5,4,Free Shipping,,0,"15.6""",R4,GTX 1050,,256 GB PCIe SSD
"ASUS TUF Gaming Laptop, 15.6"" Full HD IPS-Type, AMD Ryzen 5 R5-3550H, GeForce GTX 1660 Ti, 8 GB DDR4, 512 GB PCIe SSD, Gigabit Wi-Fi 5, Windows 10 Home, FX505DU-MB53",899.0,ASUS,Rating + 4,4,Free Shipping,,0,"15.6""",R5,GTX 1660,,512 GB PCIe SSD
"MSI GS Series GS65 Stealth-007 15.6"" 144 Hz Intel Core i7 8th Gen 8750H (2.20 GHz) NVIDIA GeForce RTX 2060 16 GB Memory 256 GB NVMe SSD Windows 10 Pro 64-bit Gaming Laptop",1899.0,MSI,Rating + 3,4,Special Shipping,30%,0,"15.6""",i7,RTX 2060,,256 GB NVMe SSD
"Lenovo Legion Y545 PG0, 15.6""LED backlit FHD IPS AntiGlare 1920x1080, GTX 1650 4GB GDDR5, Intel Core i7-9750H Processor, 16.0GB PC4-21300 DDR4 SODIMM SODIMM 2666MHz RAM, 256GB SSD PCIe+1TB 7200 rpm",1249.0,Lenovo,Rating + 5,4,Free Shipping,11%,0,"15.6""",R5,GTX 1650,,256GB SSD
"DELL  i7577-5265BLK 15.6"" FHD IPS GTX 1060 6 GB VRAM i5-7300HQ 8 GB Memory 256 GB SSD Windows 10 Home VR Ready Gaming Laptop",730.0,DELL,Rating + 5,4,Free Shipping,,0,"15.6""",i7,GTX 1060,,256 GB SSD
"Acer Predator Helios 300 PH315-51-74V4 15.6"" 144 Hz FHD IPS GTX 1060 6 GB VRAM i7-8750H 16 GB Memory 1 TB HDD + 256 GB SSD Windows 10 Home Gaming Laptop",1289.0,Acer America,Rating + 4,4,Special Shipping,,0,"15.6""",i7,GTX 1060,1 TB HDD,256 GB SSD
"ASUS ROG Strix III Hero G731GV-DB74 17.3"" 144 Hz Intel Core i7 9th Gen 9750H (2.60 GHz) NVIDIA GeForce RTX 2060 16 GB Memory 512 GB PCIe SSD Windows 10 Home 64-bit Gaming Laptop",1725.0,ASUS,Rating + 5,4,$16.99 Shipping,,0,"17.3""",i7,RTX 2060,,512 GB PCIe SSD
"Acer Predator Triton 500 PT515-51-75L8 15.6"" 144 Hz IPS Intel Core i7 8th Gen 8750H (2.20 GHz) NVIDIA GeForce RTX 2080 Max-Q 16 GB Memory 512 GB SSD Windows 10 Home 64-bit Gaming Laptop",2499.0,Acer America,Rating + 4,4,Free Shipping,,0,"15.6""",i7,RTX 2080,,512 GB SSD
"Razer Blade Pro RZ09-02202E75-R3U1 17.3"" FHD GTX 1060 6 GB VRAM i7-7700HQ 16 GB Memory 2 TB HDD + 256 GB SSD Windows 10 Home Gaming Laptop",2129.0,RAZER,Rating + 3,4,Special Shipping,,0,"17.3""",R3,GTX 1060,2 TB HDD,256 GB SSD
"Lenovo Legion Y530 81FV0001US Gaming Notebooks, 15.6"" FHD IPS, Intel Core i7 8th Gen 8750H (2.20 GHz), NVIDIA GeForce GTX 1050 Ti, 8 GB DDR4 2666 MHz Memory, 1 TB HDD, Windows 10 Home 64-Bit",999.0,Lenovo,Rating + 4,4,Free Shipping,23%,0,"15.6""",i7,GTX 1050,1 TB HDD,
"DELL G3579-5467BLK-PUS 15.6"" Intel Core i5 8th Gen 8300H (2.30 GHz) NVIDIA GeForce GTX 1050 Ti 8 GB Memory 1 TB SSHD (8 GB Cache) Windows 10 Home 64-Bit Gaming Laptop",609.0,DELL,Rating + 3,4,Free Shipping,24%,0,"15.6""",i5,GTX 1050,,
"Acer Predator Helios 300 PH315-51-757A 15.6"" 144 Hz IPS GTX 1060 6 GB VRAM i7-8750H 16 GB Memory 256 GB SSD Windows 10 Home Gaming Laptop",1299.0,Acer America,Rating + 4,4,Free Shipping,,0,"15.6""",i7,GTX 1060,,256 GB SSD
"HP Omen 15-dc0030nr 15.6"" FHD IPS GTX 1060 6 GB VRAM i7-8750H 16 GB Memory 1 TB HDD + 128 GB SSD Windows 10 Home Gaming Laptop",1294.0,HP,Rating + 5,4,Free Shipping,,0,"15.6""",i7,GTX 1060,1 TB HDD,128 GB SSD
HP Pavilion 15t Touch Gaming Laptop - Intel Core i7-6700HQ Quad Core Windows 10 Home 4GB GDDR5 NVIDIA GeForce GTX 960M 15.6” Full HD IPS Touchscreen Display 256GB PCIe NVMe SSD 16GB DDR4 RAM,1121.0,HP,Rating + 3,4,Special Shipping,16%,1,15.6”,i7,GTX 960,,
"Acer Predator 15 G9-593-73N6 15.6"" Full HD G-SYNC GeForce GTX 1060 6GB VRAM i7-7700HQ 16GB Memory 1TB HDD + 256GB SSD Windows 10 Home VR Ready Gaming Laptop",1794.0,Acer America,Rating + 5,4,$22.99 Shipping,,0,"15.6""",i7,GTX 1060,1TB HDD,256GB SSD
"Refurbished: Acer Nitro 5 AN515-51-504A 15.6"" IPS Intel Core i5 7th Gen 7300HQ (2.50 GHz) NVIDIA GeForce GTX 1050 Ti 16 GB Memory 256 GB SSD Windows 10 Home 64-Bit Gaming Laptop",649.0,Acer America,Rating + 3,4,Free Shipping,28%,0,"15.6""",i5,GTX 1050,,256 GB SSD
"MSI GL Series GL65 9SC-004 15.6"" Intel Core i5 9th Gen 9300H (2.40 GHz) NVIDIA GeForce GTX 1650 8 GB Memory 512 GB NVMe SSD Windows 10 Home 64-bit Gaming Laptop",699.0,MSI,Rating + 5,3,Free Shipping,13%,0,"15.6""",i5,GTX 1650,,512 GB NVMe SSD
"MSI GF Series GF75 THIN 9SC-027 17.3"" 60 Hz IPS Intel Core i7 9th Gen 9750H (2.60 GHz) NVIDIA GeForce GTX 1650 16 GB Memory 512 GB NVMe SSD Windows 10 Home 64-bit Gaming Laptop",1099.0,MSI,Rating + 5,3,Free Shipping,8%,0,"17.3""",i7,GTX 1650,,512 GB NVMe SSD
"ASUS ROG Strix Scar III  G531GV-DB76 15.6"" 240 Hz Intel Core i7 9th Gen 9750H (2.60 GHz) NVIDIA GeForce RTX 2060 16 GB Memory 1 TB PCIe SSD Windows 10 Home 64-bit Gaming Laptop",1765.0,ASUS,Rating + 4,3,Free Shipping,,0,"15.6""",i7,RTX 2060,,1 TB PCIe SSD
"GIGABYTE AERO 17 WA-7US1130SO 17.3"" 144 Hz IPS Intel Core i7 9th Gen 9750H (2.60 GHz) NVIDIA GeForce RTX 2060 16 GB Memory 512 GB SSD Windows 10 Home 64-bit Gaming Laptop",1999.0,GIGABYTE,Rating + 5,3,Free Shipping,,0,"17.3""",i7,RTX 2060,,512 GB SSD
Eluktronics N950KP6 Gamer Ready Barebone Build Your Own (BYO) Laptop - 7th Gen LGA 1151 Desktop CPU Support 6GB GDDR5 NVIDIA GeForce GTX 1060 Graphics Card 15.6” 72% NTSC Full HD IPS RGB Backlit Keys,699.0,Eluktronics,Rating + 4,3,Special Shipping,13%,0,15.6”,R5,GTX 1060,,
"Acer Predator Triton 500 PT515-51-7746 15.6"" 144 Hz IPS Intel Core i7 9th Gen 9750H (2.60 GHz) NVIDIA GeForce RTX 2070 16 GB Memory 512 GB SSD Windows 10 Home 64-bit Gaming Laptop",1959.0,Acer America,Rating + 3,3,Free Shipping,,0,"15.6""",i7,RTX 2070,,512 GB SSD
"Refurbished: Acer Predator Helios 500 PH517-61-R0GX 17.3"" 144 Hz IPS AMD Ryzen 7 2nd Gen 2700 (3.20 GHz) AMD Radeon RX Vega 56 16 GB Memory 256 GB SSD Windows 10 Home 64-bit Grade A Gaming Laptop",1299.0,Acer America,Rating + 4,3,Free Shipping,35%,0,"17.3""",R0,,,256 GB SSD
"ASUS ROG Strix SCAR II Gaming Laptop, 17.3” 144Hz IPS-Type FHD, NVIDIA GeForce RTX 2070 8GB, Intel Core i7-8750H CPU, 16GB DDR4 RAM, 512GB PCIe SSD + 1TB SSHD, RGB KB, Windows 10 - GL704GW-DS76",2093.0,ASUS,Rating + 5,3,Free Shipping,5%,0,17.3”,i7,RTX 2070,,512GB PCIe SSD
"ASUS ROG G703GX Desktop Replacement Gaming Laptop, GeForce RTX 2080, 17.3” FHD 144Hz G-SYNC, Intel Core i9-8950HK CPU, 32GB DDR4, 1.5TB PCIe SSD (RAID 0), Per-Key RGB, Windows 10 Pro - G703GX-XS98K",3999.0,ASUS,Rating + 4,3,Special Shipping,23%,0,17.3”,i9,RTX 2080,,5TB PCIe SSD
AERO 15 SA-7US2130SH FHD 240 Hz i7-9750H NVIDIA GeForce GTX 1660 Ti 6 GB GDDR6 16 GB RAM 512 GB M.2 PCIe SSD Win 10 Gaming Laptop,1810.0,GIGABYTE,Rating + 5,3,Free Shipping,5%,0,,i7,GTX 1660,,
"MSI GE75 8SF-097CA Raider 17.3"" 144 Hz IPS Intel Core i7 8th Gen 8750H (2.20 GHz) NVIDIA GeForce RTX 2070 16 GB Memory 512 GB NVMe SSD 1 TB HDD Windows 10 Home 64-bit Gaming Laptop",2249.0,MSI,Rating + 5,3,Free Shipping,,0,"17.3""",i7,RTX 2070,1 TB HDD,512 GB NVMe SSD
"ASUS VivoBook Pro 17 Thin and Portable Laptop, 17.3"" Full HD, Intel Core i7-8565U, NVIDIA GeForce GTX 1050, 16 GB RAM, 1 TB HDD + 256 GB SSD, 802.11ac WiFi, USB-C, Backlit KB, Windows 10 - N705FD-ES76",1169.0,ASUS,Rating + 3,3,Free Shipping,,0,"17.3""",i7,GTX 1050,1 TB HDD,256 GB SSD
"Acer Predator Helios 300 PH317-52-77A4 17.3"" 144Hz FHD IPS GTX 1060 6 GB VRAM i7-8750H 16 GB Memory 1 TB HDD + 256 GB SSD Windows 10 Home Gaming Laptop",1399.0,Acer America,Rating + 2,3,Free Shipping,,0,"17.3""",i7,GTX 1060,1 TB HDD,256 GB SSD
"ASUS VivoBook Pro Performance Laptop, Intel Core i7-8750H, GTX 1050 4 GB, 16 GB DDR4, 512 GB M.2 SSD, 15.6"" 4K Ultra HD WideView Touch Display, Fingerprint Sensor, N580GD-XB76T",1729.0,ASUS,Rating + 2,3,Free Shipping,,1,"15.6""",i7,GTX 1050,,
"Used - Very Good: DELL G3579-7009BLK 15.6"" IPS FHD GTX 1050 Ti 4 GB VRAM i7-8750H 16 GB Memory 512 GB SSD Windows 10 Home Gaming Laptop",,DELL,Rating + 4,3,Free Shipping,,0,"15.6""",i7,GTX 1050,,512 GB SSD
"ASUS FX53VD-MS72 15.6"" Intel Core i7 7th Gen 7700HQ (2.80 GHz) NVIDIA GeForce GTX 1050 8 GB Memory 256 GB M.2 SATA SSD Windows 10 Home 64-Bit Gaming Laptop",919.0,ASUS,Rating + 4,3,Free Shipping,8%,0,"15.6""",i7,GTX 1050,,
"ASUS ROG GL504GS-DS74 Strix SCAR II Gaming Laptop, 15.6"" 144 Hz IPS-Type Slim Bezel Display, GTX 1070 8 GB, Intel Core i7-8750H Processor (up to 3.9 GHz), 256 GB PCIe SSD + 1 TB SSHD, 16 GB DDR4",1503.0,ASUS,Rating + 4,3,Free Shipping,,0,"15.6""",i7,GTX 1070,,256 GB PCIe SSD
"DELL i7577-5258BLK-PUS 15.6"" FHD IPS GTX 1060 6 GB VRAM i5-7300HQ 8 GB Memory 1 TB HDD + 128 GB SSD Windows 10 Home VR Ready Gaming Laptop",949.0,DELL,Rating + 3,3,$5.58 Shipping,,0,"15.6""",i7,GTX 1060,1 TB HDD,128 GB SSD
"ASUS GL531GW-PB74 15.6"" 120 Hz Intel Core i7 9th Gen 9750H (2.60 GHz) NVIDIA GeForce RTX 2070 16 GB Memory 512 GB PCIe SSD Windows 10 Home 64-bit Gaming Laptop",2013.0,ASUS,Rating + 4,3,$26.95 Shipping,26%,0,"15.6""",i7,RTX 2070,,512 GB PCIe SSD
"Alienware 17 R5 AW17R5-7092SLV 17.3"" IPS Intel Core i7 8th Gen 8750H (2.20 GHz) NVIDIA GeForce GTX 1070 16 GB Memory 8 GB SSD 1 TB SSHD Windows 10 Home 64-Bit Gaming Laptop",1907.0,DELL,Rating + 3,3,Free Shipping,,0,"17.3""",R5,GTX 1070,,8 GB SSD
"Lenovo Legion Y7000 (81LD0006US) 15.6"" IPS Intel Core i5 8th Gen 8300H (2.30 GHz) NVIDIA GeForce GTX 1050 Ti 16 GB Memory 128 GB PCIe SSD 1 TB HDD Windows 10 Home 64-Bit Gaming Laptop",959.0,Lenovo,Rating + 2,3,Free Shipping,,0,"15.6""",i5,GTX 1050,1 TB HDD,128 GB PCIe SSD
"Refurbished: Acer Aspire 7 A717-72G-76V1 17.3"" IPS Intel Core i7 8th Gen 8750H (2.20 GHz) NVIDIA GeForce GTX 1060 16 GB Memory 256 GB SSD 1 TB HDD Windows 10 Home 64-Bit Grade A Gaming Laptop",979.0,Acer America,Rating + 4,3,Free Shipping,25%,0,"17.3""",i7,GTX 1060,1 TB HDD,256 GB SSD
Refurbished: Samsung Odyssey NP800G5H-XS1US i7-7700HQ 16GB 1TB 128GB SSD 15.6in GTX 1060 6GB,814.0,SAMSUNG,Rating + 3,3,Free Shipping,,0,,i7,GTX 1060,,128GB SSD
"ASUS TUF Gaming Laptop, 15.6"" FHD IPS-Type, AMD Ryzen 7 R7-3750H, GeForce RTX 2060, 16 GB DDR4, 512 GB PCIe SSD, Gigabit Wi-Fi 5, Windows 10 Home, FX505DV-PB74",1199.0,ASUS,Rating + 5,2,Free Shipping,,0,"15.6""",R7,RTX 2060,,512 GB PCIe SSD
"Acer Predator Triton 700 PT715-51-761M 15.6"" IPS GTX 1060 6 GB VRAM i7-7700HQ 16 GB Memory 512 GB SSD Windows 10 Home Gaming Laptop",1399.0,Acer America,Rating + 5,2,Free Shipping,30%,0,"15.6""",i7,GTX 1060,,512 GB SSD
"MSI GE Series GE65 Raider-049 15.6"" 240 Hz Intel Core i9 9th Gen 9880H (2.30 GHz) NVIDIA GeForce RTX 2070 32 GB Memory 1 TB NVMe SSD Windows 10 Home 64-bit Gaming Laptop",2699.0,MSI,Rating + 5,2,Free Shipping,,0,"15.6""",i9,RTX 2070,,1 TB NVMe SSD
"MSI GL Series GL75 9SDK-063 17.3"" 144 Hz IPS Intel Core i7 9th Gen 9750H (2.60 GHz) NVIDIA GeForce GTX 1660 Ti 16 GB Memory 512 GB NVMe SSD Windows 10 Home 64-bit Gaming Laptop",1199.0,MSI,Rating + 4,2,Free Shipping,8%,0,"17.3""",i7,GTX 1660,,512 GB NVMe SSD
"MSI GT Series GT76 TITAN DT-039 17.3"" 4K/UHD IPS Intel Core i9 9th Gen 9900K (3.60 GHz) NVIDIA GeForce RTX 2080 64 GB Memory 1 TB SSD 1 TB HDD Windows 10 Pro 64-bit Gaming Laptop",4599.0,MSI,Rating + 5,2,Special Shipping,23%,0,"17.3""",i9,RTX 2080,1 TB HDD,1 TB SSD
"Acer Predator Helios 300 PH317-53-7777 Gaming Notebooks - 17.3"" FHD 144 Hz IPS, Intel Core i7-9750H 2.60 GHz, NVIDIA GeForce GTX 1660 Ti, 16 GB DDR4 Memory, 512 GB SSD, Windows 10 Home",1509.0,Acer America,Rating + 5,2,Free Shipping,,0,"17.3""",i7,GTX 1660,,512 GB SSD
Alienware AW17R5-7108SLV 17.3'' FHD IPS GTX 1060 6 GB VRAM i7-8750H 8 GB Memory 1 TB HDD + 256 GB SSD Windows 10 Home Gaming Laptop,1399.0,DELL,Rating + 5,2,Free Shipping,22%,0,,R5,GTX 1060,1 TB HDD,256 GB SSD
"Acer Predator Helios 300 PH315-52-72EV 15.6"" 144 Hz IPS Intel Core i7 9th Gen 9750H (2.60 GHz) NVIDIA GeForce RTX 2060 16 GB Memory 512 GB SSD Windows 10 Home 64-bit Gaming Laptop",1599.0,Acer America,Rating + 4,2,Free Shipping,,0,"15.6""",i7,RTX 2060,,512 GB SSD
"HIDevolution MSI GT76 Titan DT 9SF 17.3” FHD 240Hz | 3.6 GHz i7-9700K, RTX 2070, 16GB 2666MHz RAM, 512GB PCIe SSD + 1TB HDD | Authorized Performance Upgrades & Warranty",2571.0,MSI,Rating + 5,2,Special Shipping,,0,17.3”,i7,RTX 2070,1TB HDD,512GB PCIe SSD
"ASUS ROG Strix Hero III (2019) Gaming Laptop, 17.3"" 144 Hz IPS Type FHD, GeForce RTX 2070, Intel Core i7-9750H, 16 GB DDR4, 512 GB PCIe SSD + 1 TB FireCuda, Per-Key RGB KB, Win10 Home, G731GW-DB76",2199.0,ASUS,Rating + 5,2,Special Shipping,23%,0,"17.3""",i7,RTX 2070,,512 GB PCIe SSD
"AORUS 5 NA-7US1121SH i7-9750H NVIDIA GeForce GTX 1650 4 GB GDDR5 16 GB Memory 256 GB Intel SSD 1 TB HDD Win10 15.6"" LG FHD 144 Hz Gaming Laptop",1049.0,AORUS,Rating + 5,2,Free Shipping,25%,0,"15.6""",i7,GTX 1650,1 TB HDD,
"Lenovo 720s 81CR0006US 15.6"" 4K/UHD IPS GTX 1050 Ti 4 GB VRAM i7-7700HQ 16 GB Memory 512 GB SSD Windows 10 Pro Gaming Laptop",989.0,Lenovo,Rating + 4,2,Free Shipping,42%,0,"15.6""",R0,GTX 1050,,512 GB SSD
"Acer Predator Triton 500 PT515-51-71VV 15.6"" 144 Hz IPS Intel Core i7 8th Gen 8750H (2.20 GHz) NVIDIA GeForce RTX 2060 16 GB Memory 512 GB SSD Windows 10 Home 64-bit Gaming Laptop",1799.0,Acer America,Rating + 5,2,Free Shipping,,0,"15.6""",i7,RTX 2060,,512 GB SSD
"HIDevolution ASUS ROG Zephyrus S GX531GW 15.6"" FHD 144Hz Gaming Laptop | 2.2 GHz i7-8750H, RTX 2070 Max-Q, 16GB 2666MHz RAM, PCIe 512GB SSD | Authorized Performance Upgrades & Warranty",2299.0,ASUS,Rating + 3,2,Special Shipping,,0,"15.6""",i7,RTX 2070,,512GB SSD
"HIDevolution ASUS ROG Strix GL503GE Scar Edition 15.6” FHD 120Hz Gaming Laptop | 2.2 GHz i7-8750H, GTX 1050TI, 8GB DDR4/2666MHz RAM, 1TB SSHD | Authorized Performance Upgrades & Warranty",1099.0,ASUS,Rating + 5,2,Free Shipping,,0,15.6”,i7,GTX 1050,,
"HIDevolution MSI GE73 Raider RGB 8RE 17.3” FHD 120Hz Gaming Laptop | 2.6 GHz i7-8750H, GTX 1060, 16GB DDR4/2400MHz RAM, SATA 256GB SSD + 1TB HDD | Authorized Performance Upgrades & Warranty",1749.0,MSI,Rating + 5,2,Free Shipping,,0,17.3”,i7,GTX 1060,1TB HDD,256GB SSD
"Refurbished: Acer AN515-53-55G9 15.6"" IPS Intel Core i5 8th Gen 8300H (2.30 GHz) NVIDIA GeForce GTX 1050 Ti 8 GB Memory 256 GB SSD Windows 10 Home 64-Bit Gaming Laptop (Manufacturer Recertified)",699.0,Acer America,Rating + 5,2,Free Shipping,,0,"15.6""",i5,GTX 1050,,256 GB SSD
Eluktronics N950KP6 Premium VR Ready Gaming Laptop - Intel G4560 Dual Core Desktop CPU 6GB GDDR5 NVIDIA GeForce 1060 GPU 15.6” 72% NTSC Full HD IPS RGB Backlit Keys 1TB 7200RPM Hard Drive + 8GB RAM,917.0,Eluktronics,Rating + 4,2,Special Shipping,34%,0,15.6”,R5,,,
"HP Pavilion Gaming 15-cx0020nr 15.6"" FHD IPS GTX 1050 Ti 4 GB VRAM i5-8300H 8 GB Memory 16 GB Optane Memory 1 TB HDD Windows 10 Home Gaming Laptop",759.0,HP,Rating + 3,2,Free Shipping,,0,"15.6""",i5,GTX 1050,1 TB HDD,
"Acer Predator Helios 500 PH517-51-79E8 17.3"" IPS FHD 144 Hz G-Sync, Intel Core i7 8750H (2.20 GHz), NVIDIA GeForce GTX 1070, 16 GB DDR4 Memory, 512 GB SSD + 1 TB HDD, Windows 10 Home",2064.0,Acer America,Rating + 5,2,Special Shipping,,0,"17.3""",i7,GTX 1070,1 TB HDD,512 GB SSD
"Acer Nitro 5 AN515-53-762Q 15.6"" IPS FHD, Intel Core i7 8750H (2.20 GHz), NVIDIA GeForce GTX 1050, 8 GB DDR4 Memory, 1 TB HDD, Windows 10 Home",1174.0,Acer America,Rating + 3,2,$10.99 Shipping,,0,"15.6""",i7,GTX 1050,1 TB HDD,
"Dell Inspiron 15 Premium Gaming and Business Laptop (7th Gen Intel Core i5 Quad Core, 8GB RAM, 1TB HDD + 128GB SSD, 15.6 Inch Ful HD 1920 x 1080 Display, NVIDIA GTX 1060 6GB, Win 10 Home) VR Ready",949.0,DELL,Rating + 4,2,Special Shipping,23%,0,,i5,GTX 1060,1TB HDD,128GB SSD
"Refurbished: Lenovo Y50 15.6” 4K UHD Gaming Laptop with Quad Core Intel Core i7 4700HQ 2.40GHz (3.40Ghz Turbo), 16GB Memory, 256GB SSD, NVIDIA GeForce GTX 860M 2GB, Windows 8.1 64-Bit",1021.0,Lenovo,Rating + 3,2,Free Shipping,,0,15.6”,i7,GTX 860,,256GB SSD
"MSI GE Series GE63 8RF-099CA Raider RGB 15.6"" Intel Core i7 8th Gen 8750H (2.20 GHz) NVIDIA GeForce GTX 1070 16 GB Memory 256 GB NVMe SSD 1 TB HDD Windows 10 Home 64-Bit Gaming Laptop",2439.0,MSI,Rating + 5,2,$10.99 Shipping,,0,"15.6""",i7,GTX 1070,1 TB HDD,256 GB NVMe SSD
"HP Pavilion 15-cx0010ca 15.6"" Intel Core i5 8th Gen 8300H (2.30 GHz) NVIDIA GeForce GTX 1050 8 GB Memory 1 TB HDD Windows 10 Home 64-Bit Bilingual Gaming Laptop",1007.0,HP,Rating + 5,2,$11.99 Shipping,,0,"15.6""",i5,GTX 1050,1 TB HDD,
"MSI GT Series GT63 TITAN-032 15.6"" 144 Hz IPS Intel Core i7 8th Gen 8750H (2.20 GHz) NVIDIA GeForce RTX 2080 16 GB Memory 256 GB NVMe SSD 1 TB HDD Windows 10 Pro 64-bit Gaming Laptop",3846.0,MSI,Rating + 5,2,Free Shipping,25%,0,"15.6""",i7,RTX 2080,1 TB HDD,256 GB NVMe SSD
"ASUS VivoBook Pro 15, 15.6"" Full HD IPS Level Display, Intel Core i7-8750H, NVIDIA GTX 1050 4 GB, 8 GB DDR4 + 16 GB Intel Optane Memory, 1 TB HDD Optane Enhanced, Fingerprint, N580GD-DB74",1118.0,ASUS,Rating + 1,2,Free Shipping,,0,"15.6""",i7,GTX 1050,1 TB HDD,
Eluktronics MB-15 Thin & Light Business Laptop with Glass Touchpad - Intel i5-8300H CPU 2GB GDDR5 NVIDIA GeForce 1050 GPU 15.6” 72% NTSC Full HD IPS-Type 128GB PCIe SSD 8GB RAM,1070.0,Eluktronics,Rating + 5,2,Special Shipping,11%,1,15.6”,i5,,,128GB PCIe SSD
"ASUS ROG Strix GL531GT-EB76 15.6"" 60 Hz Intel Core i7 9th Gen 9750H (2.60 GHz) NVIDIA GeForce GTX 1650 16 GB Memory 1 TB PCIe SSD Windows 10 Home 64-bit Gaming Laptop",1299.0,ASUS,Rating + 5,2,$26.95 Shipping,26%,0,"15.6""",i7,GTX 1650,,1 TB PCIe SSD
"Lenovo 81FK0000US 15.6"" FHD GTX 1050 4 GB VRAM i5-8300H 8 GB Memory 1 TB HDD Windows 10 Home Gaming Laptop",1177.0,Lenovo,Rating + 5,2,Free Shipping,,0,"15.6""",i5,GTX 1050,1 TB HDD,
"Acer Aspire 7 Premium 17.3"" Gaming and Bussiness Laptop (Intel 8th Gen Coffee Lake i7-8750H 6-core, 16GB RAM, 256GB PCIe SSD, 17.3"" FHD ( 1920x1080 ), GeForce GTX 1060, Win 10 Home) VR Ready",1199.0,Acer America,Rating + 3,2,Special Shipping,23%,0,"17.3""",i7,GTX 1060,,256GB PCIe SSD
"MSI GE63 Raider RGB-052 Premium Gaming and Business Laptop (Intel i7-8750H, 16GB RAM, 1TB HDD + 512GB Sata SSD, 15.6"" FHD 1920x1080 IPS Display, NVIDIA RTX 2070, RGB Front Cover Keyboard, Win 10 Home)",2549.0,MSI,Rating + 5,2,Special Shipping,23%,0,"15.6""",i7,RTX 2070,1TB HDD,
"Acer Nitro 7 AN715-51-70TG 15.6"" IPS Intel Core i7 9th Gen 9750H (2.60 GHz) NVIDIA GeForce GTX 1050 8 GB Memory 256 GB SSD Windows 10 Home 64-bit Gaming Laptop",1049.0,Acer America,Rating + 5,1,Free Shipping,,0,"15.6""",i7,GTX 1050,,256 GB SSD
"ASUS ROG Strix Hero III Gaming Laptop, 15.6"" 144 Hz IPS Type Full HD, NVIDIA GeForce RTX 2070, Intel Core i7-9750H, 16 GB DDR4, 512 GB PCIe NVMe SSD, Per-Key RGB KB, Windows 10 Pro, G531GW-XB74",1949.0,ASUS,Rating + 5,1,Free Shipping,,0,"15.6""",i7,RTX 2070,,
"MSI GF Series GF63 Thin 9RCX-659 15.6"" 60 Hz IPS Intel Core i5 9th Gen 9300H (2.40 GHz) NVIDIA GeForce GTX 1050 Ti 8 GB Memory 128 GB NVMe SSD 1 TB HDD Windows 10 Home 64-bit Gaming Laptop",699.0,MSI,Rating + 2,1,Free Shipping,,0,"15.6""",i5,GTX 1050,1 TB HDD,128 GB NVMe SSD
"MSI GL Series GL65 9SDK-034 15.6"" Intel Core i7 9th Gen 9750H (2.60 GHz) NVIDIA GeForce GTX 1660 Ti 8 GB Memory 512 GB NVMe SSD Windows 10 Home 64-bit Gaming Laptop",1049.0,MSI,Rating + 4,1,Free Shipping,9%,0,"15.6""",i7,GTX 1660,,512 GB NVMe SSD
"ROG G703GX Desktop Replacement Gaming Laptop, GeForce RTX 2080, Intel Core i9-8950HK Processor, 17.3"" Full HD 144 Hz 3 ms G-SYNC, 16 GB DDR4, 512 GB PCIe SSD, RGB, Windows 10 Pro - G703GX-PS91K",2389.0,ASUS,Rating + 5,1,Free Shipping,32%,0,"17.3""",i9,RTX 2080,,512 GB PCIe SSD
"Lenovo - Legion Y530 15.6"" Laptop - Intel Core i7 - 16GB Memory - NVIDIA GeForce GTX 1050 Ti - 1TB Hard Drive - Black 81FV0002US Notebook PC Computer Gaming",779.0,Lenovo,Rating + 5,1,Free Shipping,,0,"15.6""",i7,GTX 1050,1TB Hard Drive,
"MSI ALPHA 15 A3DD-003 15.6"" 120 Hz IPS AMD Ryzen 7 2nd Gen 3750H (2.30 GHz) AMD Radeon RX 5500M 8 GB Memory 512 GB NVMe SSD Windows 10 Home 64-bit Gaming Laptop",999.0,MSI,Rating + 5,1,Free Shipping,,0,"15.6""",,,,512 GB NVMe SSD
"Refurbished: MSI GS65 Stealth THIN-037 15.6"" 144 Hz FHD GTX 1070 8 GB VRAM i7-8750H 16 GB Memory M.2 512 SSD Windows 10  64-Bit Gaming Laptop",1299.0,MSI,Rating + 5,1,Free Shipping,,0,"15.6""",i7,GTX 1070,,
"ASUS ROG Strix Scar III G531GW Gaming and Entertainment Laptop (Intel i9-9880H 8-Core, 32GB RAM, 1TB SSD, 15.6"" Full HD (1920x1080), NVIDIA RTX 2070, Wifi, Bluetooth, 3xUSB 3.1, 1xHDMI, Win 10 Pro)",2499.0,ASUS,Rating + 5,1,Special Shipping,23%,0,"15.6""",i9,RTX 2070,,1TB SSD
"Lenovo Legion Y540-15IRH-PG0 81SY0005US 15.6"" Gaming Notebook - 1920 x 1080 - Core i7 i7-9750H - 16 GB RAM - 1 TB HDD - 256 GB SSD - Black",1219.0,Lenovo,Rating + 5,1,Free Shipping,19%,0,"15.6""",i7,,1 TB HDD,256 GB SSD
"HIDevolution ASUS ROG Mothership GZ700GX 17.3” FHD 144Hz | 2.4 GHz i9-9980HK, RTX 2080, 128GB 2666MHz RAM, 1.5TB (3 x 512GB) PCIe SSD Raid 0 w/ Hyper Drive | Authorized Performance Upgrades & Warranty",6499.0,ASUS,Rating + 5,1,Special Shipping,,0,17.3”,i9,RTX 2080,,
"Refurbished: ASUS ROG Zephyrus GX501VI-US74 15.6"" 120 Hz IPS Intel Core i7 7th Gen 7700HQ (2.80 GHz) NVIDIA GeForce GTX 1080 16 GB Memory 512 GB SSD Windows 10 Pro 64-bit Gaming Laptop",1449.0,ASUS,Rating + 4,1,Free Shipping,19%,0,"15.6""",i7,GTX 1080,,512 GB SSD
"MSI GT76 TITAN DT GT76 TITAN DT-039 17.3"" Gaming Notebook - 3840 x 2160 - Core i9 i9-9900K - 64 GB RAM - 1 TB HDD - 1 TB SSD - Aluminum Black",4782.0,MSI,Rating + 5,1,Free Shipping,,0,"17.3""",i9,,1 TB HDD,1 TB SSD
"HP OMEN 15-dc1030nr 15.6"" IPS Intel Core i7 8th Gen 8750H (2.20 GHz) NVIDIA GeForce RTX 2060 16 GB Memory 128 GB SSD 1 TB HDD Windows 10 Home 64-bit Gaming Laptop",1229.0,HP,Rating + 4,1,Free Shipping,8%,0,"15.6""",i7,RTX 2060,1 TB HDD,128 GB SSD
"Acer Predator Triton 900 PT917-71-71C5 17.3"" 4K/UHD IPS Intel Core i7 9th Gen 9750H (2.60 GHz) NVIDIA GeForce RTX 2080 32 GB Memory 1 TB SSD Windows 10 Home 64-bit Gaming Laptop",3699.0,Acer America,Rating + 5,1,Free Shipping,,0,"17.3""",i7,RTX 2080,,1 TB SSD
"HP OMEN 17-cb0040nr 17.3"" 144 Hz IPS Intel Core i7 9th Gen 9750H (2.60 GHz) NVIDIA GeForce RTX 2070 16 GB Memory 256 GB SSD 1 TB HDD Gaming Laptop",1599.0,HP,Rating + 4,1,Free Shipping,5%,0,"17.3""",i7,RTX 2070,1 TB HDD,256 GB SSD
"MSI GS Series GS75 Stealth-479 17.3"" 144 Hz IPS Intel Core i9 9th Gen 9880H (2.30 GHz) NVIDIA GeForce RTX 2080 32 GB Memory 1 TB NVMe SSD Windows 10 Pro 64-bit Gaming Laptop",3399.0,MSI,Rating + 5,1,Free Shipping,,0,"17.3""",i9,RTX 2080,,1 TB NVMe SSD
"HIDevolution MSI P65 Creator 9SD 15.6” FHD 144Hz | 2.6 GHz i7-9750H, GTX 1660 Ti, 16GB 2666MHz RAM, 512GB PCIe SSD | Authorized Performance Upgrades & 3-Year Warranty",1799.0,MSI,Rating + 5,1,Special Shipping,,0,15.6”,i7,GTX 1660,,512GB PCIe SSD
"MSI GL Series GL75 9SEK-056 17.3"" 120 Hz IPS Intel Core i7 9th Gen 9750H (2.60 GHz) NVIDIA GeForce RTX 2060 16 GB Memory 512 GB SSD Windows 10 Home 64-bit Gaming Laptop",1499.0,MSI,Rating + 5,1,Free Shipping,,0,"17.3""",i7,RTX 2060,,512 GB SSD
"Alienware AW15R4-7712SLV-PUS 15.6"" FHD GTX 1060 6 GB VRAM i7-8750H 16 GB Memory 1 TB HDD + 256 GB SSD Windows 10 Home Gaming Laptop",1289.0,DELL,Rating + 5,1,Special Shipping,,0,"15.6""",R4,GTX 1060,1 TB HDD,256 GB SSD
"Eluktronics NB50TL Business Performance Barebone Build Your Own (BYO) Laptop Kit - 8th Gen Desktop Processor Ready, Includes 2GB GDDR5 NVIDIA MX150, 15.6” 45% NTSC Full HD IPS Display, Backlit Keys",509.0,Eluktronics,Rating + 4,1,Special Shipping,15%,0,15.6”,R5,,,
"Newest Dell G5 15.6"" Full HD Gaming Laptop(16G DDR4 Memory/512G SSD) |Intel Core i7-8750H 6-Core |NVIDIA GeForce GTX 1050Ti 4GB|802.11ac + Bluetooth |Backlit Keyboard|Windows 10 Home| Red",1079.0,DELL,Rating + 5,1,Free Shipping,28%,0,"15.6""",R4,GTX 1050,,
"Dell G7 15 7590 Gaming Laptop 15.6"" Display Intel i7-8750H NVIDIA RTX 2060 128GB SSD + 1TB HDD 8GB RAM Windows 10 Home",1349.0,DELL,Rating + 1,1,Special Shipping,16%,0,"15.6""",i7,RTX 2060,1TB HDD,128GB SSD
"Lenovo Legion Y540 81SX0004US Gaming Laptop - 15.6"" FHD IPS, Intel Core i7-9750H 2.60 GHz, NVIDIA GeForce RTX 2060, 16 GB DDR4 Memory, 256 GB SSD, 1 TB HDD, Windows 10 Home 64-bit",1683.0,Lenovo,Rating + 5,1,$28.94 Shipping,26%,0,"15.6""",i7,RTX 2060,1 TB HDD,256 GB SSD
"2019 Legion Y540 15.6"" FHD IPS Gaming Laptop, 9th Gen Intel 6-Core i7-9750H Upto 4.5GHz, 8GB RAM, 500GB HDD, NVIDIA GeForce GTX 1650 4GB, Backlit Keyboard, USB-C, Windows 10",919.0,Lenovo,Rating + 1,1,Free Shipping,23%,0,"15.6""",i7,GTX 1650,500GB HDD,
"GIGABYTE AERO 17 HDR YA-7US4450SQ 17.3"" 4K/UHD 60 Hz IPS Intel Core i7 9th Gen 9750H (2.60 GHz) NVIDIA GeForce RTX 2080 32 GB Memory 1 TB SSD Windows 10 Pro 64-bit Gaming Laptop",3499.0,GIGABYTE,Rating + 5,1,Free Shipping,,0,"17.3""",i7,RTX 2080,,1 TB SSD
"Newest Acer Nitro 5 15.6"" FHD Premium Gaming Laptop, Intel Quad Core i5-8300H upto 4.0GHz, 8GB RAM, 500GB HDD, NVIDIA GeForce GTX 1050 Ti 4GB GDDR5, Backlit Keyboard, Windows 10",707.0,Acer America,Rating + 3,1,Free Shipping,19%,0,"15.6""",i5,GTX 1050,500GB HDD,
"ASUS TUF Gaming FX705DT Gaming and Entertainment Laptop (AMD Ryzen 7 3750H 4-Core, 8GB RAM, 512GB PCIe SSD, 17.3"" Full HD (1920x1080), NVIDIA GTX 1650, Wifi, Bluetooth, Webcam, 2xUSB 3.0, Win 10 Pro)",1149.0,ASUS,Rating + 1,1,Special Shipping,23%,0,"17.3""",,GTX 1650,,512GB PCIe SSD
"ASUS ROG Strix III G GL531GU-WB74 15.6"" 120 Hz Intel Core i7 9th Gen 9750H (2.60 GHz) NVIDIA GeForce GTX 1660 Ti 16 GB Memory 512 GB PCIe SSD Windows 10 Home 64-bit Gaming Laptop",1459.0,ASUS,Rating + 5,1,Special Shipping,,0,"15.6""",i7,GTX 1660,,512 GB PCIe SSD
"GIGABYTE AERO 15S OLED SA-7US5130SH 15.6"" 4K AMOLED 60 Hz Intel Core i7 9th Gen 9750H (2.60 GHz) NVIDIA GeForce GTX 1660 Ti 16 GB Memory 512 GB SSD Windows 10 Home 64-bit Gaming Laptop",1999.0,GIGABYTE,Rating + 3,1,Free Shipping,,0,"15.6""",i7,GTX 1660,,512 GB SSD
"Lenovo Legion Y520 Gaming Laptop: Core i7-7700HQ, NVidia GTX 1060, 16GB RAM, 512GB SSD, 15.6"" Full HD Display",1149.0,Lenovo,Rating + 5,1,Free Shipping,28%,0,"15.6""",i7,GTX 1060,,512GB SSD
"MSI GE65 9SE-009CA Raider 15.6"" 240 Hz Intel Core i7 9th Gen 9750H (2.60 GHz) NVIDIA GeForce RTX 2060 16 GB Memory 512 GB NVMe SSD Windows 10 Home 64-bit Gaming Laptop",2010.0,MSI,Rating + 5,1,$13.99 Shipping,,0,"15.6""",i7,RTX 2060,,512 GB NVMe SSD
"HP Pavilion 15-cx0056wm 15.6"" IPS Intel Core i5 8th Gen 8300H (2.30 GHz) NVIDIA GeForce GTX 1050 Ti 8 GB Memory 1 TB HDD Windows 10 Home 64-bit Gaming Laptop",729.0,HP,Rating + 5,1,Free Shipping,23%,0,"15.6""",i5,GTX 1050,1 TB HDD,
"MSI GL63 8RCS-054 15.6"" IPS Intel Core i7 8th Gen 8750H (2.20 GHz) NVIDIA GeForce GTX 1050 8 GB Memory 256 GB NVMe SSD Windows 10 Home 64-bit Gaming Laptop -- ONLY @ NEWEGG",939.0,MSI,Rating + 5,1,Free Shipping,,0,"15.6""",i7,GTX 1050,,256 GB NVMe SSD
"Lenovo Legion Y730 81HD001SUS 15.6"" FHD IPS GTX 1050 Ti 4 GB VRAM i5-8300H 8 GB Memory 1 TB HDD Windows 10 Home Gaming Laptop",967.0,Lenovo,Rating + 5,1,Free Shipping,20%,0,"15.6""",i5,GTX 1050,1 TB HDD,
"Refurbished: Alienware 15 Gaming Laptop 15.6-Inch FHD Laptop (Intel Core i7-4720HQ 2.6Ghz, 8GB RAM, 1 TB HDD + 128GB SSD, NVIDIA GeForce GTX 970M 2GB, Windows 10 Home) Grade A",849.0,DELL,Rating + 5,1,Special Shipping,,0,,i7,GTX 970,1 TB HDD,128GB SSD
"HIDevolution ASUS ROG Zephyrus S GX701GW 17.3"" FHD 144Hz | 2.6GHz i7-9750H, RTX 2070, 16GB 2666MHz RAM, PCIe 1TB SSD | Authorized Performance Upgrades & Warranty",2499.0,ASUS,Rating + 5,1,Special Shipping,,0,"17.3""",i7,RTX 2070,,1TB SSD
"ASUS GX502GV-PB74 15.6"" 144 Hz Intel Core i7 9th Gen 9750H (2.60 GHz) NVIDIA GeForce RTX 2060 16 GB Memory 512 GB PCIe SSD Windows 10 Home 64-bit Gaming Laptop",1899.0,ASUS,Rating + 4,1,Special Shipping,,0,"15.6""",i7,RTX 2060,,512 GB PCIe SSD
"Lenovo IdeaPad 330 81FK009TUS 15.6"" Intel Core i7 8th Gen 8750H (2.20 GHz) NVIDIA GeForce GTX 1050 4 GB, 16 GB DDR4 Memory, 16 GB Optane Memory, 1 TB HDD, Windows 10 Home 64-Bit Gaming Laptop",968.0,Lenovo,Rating + 5,1,Free Shipping,14%,0,"15.6""",i7,GTX 1050,1 TB HDD,
"Acer Nitro 5 Laptop: Core i5-8300H, 8GB RAM, 1 TB HDD, 15.6"" Full HD Display, NVidia GTX 1050",729.0,Acer America,Rating + 4,1,Free Shipping,,0,"15.6""",i5,GTX 1050,1 TB HDD,
"ASUS ROG STRIX SCAR GL703GM Gaming and Entertainment Laptop (Intel i7-8750H 6-Core, 16GB RAM, 256GB SSD, 17.3"" Full HD (1920x1080), NVIDIA GTX 1060, Wifi, Bluetooth, Webcam, 4xUSB 3.1, Win 10 Home)",1199.0,ASUS,Rating + 4,1,Special Shipping,23%,0,"17.3""",i7,GTX 1060,,256GB SSD
"MSI GL Series GL63 9SDK-610 15.6"" 120 Hz IPS Intel Core i7 9th Gen 9750H (2.60 GHz) NVIDIA GeForce GTX 1660 Ti 16 GB Memory 512 GB NVMe SSD Windows 10 Pro 64-bit Gaming Laptop",1499.0,MSI,Rating + 5,1,Special Shipping,23%,0,"15.6""",i7,GTX 1660,,512 GB NVMe SSD
"Refurbished: Acer Aspire 7 A717-72G-700J 17.3"" IPS Intel Core i7 8th Gen 8750H (2.20 GHz) NVIDIA GeForce GTX 1060 16 GB Memory 256 GB SSD Windows 10 Home 64-Bit Grade A Gaming Laptop",849.0,Acer America,Rating + 1,1,Free Shipping,29%,0,"17.3""",i7,GTX 1060,,256 GB SSD
"MSI GE75 9SE-426CA Raider 17.3"" 144 Hz IPS Intel Core i7 9th Gen 9750H (2.60 GHz) NVIDIA GeForce RTX 2060 16 GB Memory 512 GB SSD Windows 10 Home 64-bit Gaming Laptop",2014.0,MSI,Rating + 5,1,$16.99 Shipping,,0,"17.3""",i7,RTX 2060,,512 GB SSD
"Lenovo LEGION Y520 Gaming and Business Laptop (Intel i7-7700HQ Quad Core, 16GB RAM, 512GB PCIe SSD, 15.6"" Full HD (1920 x 1080), GeForce GTX 1060 6GB, Backlit Keyboard, Win 10 Home)",1399.0,Lenovo,Rating + 1,1,Special Shipping,20%,0,"15.6""",i7,GTX 1060,,512GB PCIe SSD
Lenovo Y520 80YY0090US 15.6'' FHD GTX 1060 6 GB VRAM i7-7700HQ 8 GB Memory 1 TB HDD Windows 10 Home Gaming Laptop,1199.0,Lenovo,Rating + 4,1,Free Shipping,25%,0,,i7,GTX 1060,1 TB HDD,
"MSI GL Series GL65 9SD-056CA 15.6"" 120 Hz IPS Intel Core i5 9th Gen 9300H (2.40 GHz) NVIDIA GeForce GTX 1660 Ti 8 GB Memory 512 GB NVMe SSD Windows 10 Home 64-bit Gaming Laptop",1232.0,MSI,Rating + 5,1,$24.96 Shipping,26%,0,"15.6""",i5,GTX 1660,,512 GB NVMe SSD
"OMEN by HP 15.6-inch Gaming Laptop w/ 144Hz Micro-Edge Display, Intel i7-8750H Hexa Core, GeForce GTX 1070 Max-Q 8GB GDDR5, 16GB 2666MHz RAM, 1TB HDD & 16GB Intel PCIe Optane Memory, Windows 10 Pro",1399.0,HP,Rating + 4,1,Special Shipping,26%,0,,i7,GTX 1070,1TB HDD,
"MSI GS65 9SD-418CA Stealth 15.6"" 144 Hz Intel Core i7 9th Gen 9750H (2.60 GHz) NVIDIA GeForce GTX 1660 Ti 16 GB Memory 512 GB SSD Windows 10 Pro 64-bit Gaming Laptop",2084.0,MSI,Rating + 5,1,$14.99 Shipping,,0,"15.6""",i7,GTX 1660,,512 GB SSD
"ASUS ZenBook Pro UX580GE-XB74T 15.6"" Intel Core i9 8th Gen 8950HK (2.90 GHz) NVIDIA GeForce GTX 1050 Ti 16 GB Memory 512 GB SSD Windows 10 Pro 64-Bit Gaming Laptop",1999.0,ASUS,Rating + 1,1,Free Shipping,,0,"15.6""",i9,GTX 1050,,512 GB SSD
"HIDevolution ASUS ROG Hero III G731GV 17.3"" FHD 144Hz | 2.6GHz i7-9750H, RTX 2060, 16GB 2666MHz RAM, PCIe 512GB SSD | Authorized Performance Upgrades & Warranty",1699.0,ASUS,Rating + 5,1,Special Shipping,,0,"17.3""",i7,RTX 2060,,512GB SSD
"HP Pavilion 15.6"" FHD IPS Gaming Laptop, Intel Quad Core i5-8300H 2.3 GHz, 8GB DDR4 RAM, 500GB HDD, NVIDIA GeForce GTX 1050 Ti 4GB, Backlit Keyboard, GbE LAN, USB Type-C, Windows 10",724.0,HP,Rating + 5,1,Free Shipping,16%,0,"15.6""",i5,GTX 1050,500GB HDD,
"Acer Predator Helios 300 G3-572-72YF 15.6"" Intel Core i7 7th Gen 7700HQ (2.80 GHz) NVIDIA GeForce GTX 1060 16 GB Memory 256 GB SSD 1 TB HDD Windows 10 Home 64-Bit Gaming Laptop",1399.0,Acer America,Rating + 5,1,Free Shipping,30%,0,"15.6""",i7,GTX 1060,1 TB HDD,256 GB SSD
"Acer Predator Helios 300 PH315-51-73S0 15.6"" 144 Hz IPS, Intel Core i7 8750H (2.20 GHz), NVIDIA GeForce GTX 1060, 16 GB Memory, 256 GB SSD + 1 TB HDD, Windows 10 Home 64-Bit Gaming Laptop",1860.0,Acer America,Rating + 3,1,$11.99 Shipping,,0,"15.6""",i7,GTX 1060,1 TB HDD,256 GB SSD
"MSI GF63 9SC-060CA Thin 15.6"" IPS Intel Core i5 9th Gen 9300H (2.40 GHz) NVIDIA GeForce GTX 1650 8 GB Memory 256 GB SSD Windows 10 Home 64-bit Gaming Laptop",1187.0,MSI,Rating + 3,1,$13.99 Shipping,,0,"15.6""",i5,GTX 1650,,256 GB SSD
"HIDevolution ASUS Zephyrus M GM501GM 15.6” FHD 144Hz, 2.2 GHz i7-8750H, GTX 1060, 16GB DDR4/2666MHz RAM, PCIe 256GB SSD + 1TB SSHD, Authorized Performance Upgrades & Warranty",1499.0,ASUS,Rating + 2,1,Special Shipping,21%,0,15.6”,i7,GTX 1060,,256GB SSD
"ASUS GU502GU-XB74 15.6"" 144 Hz Intel Core i7 9th Gen 9750H (2.60 GHz) NVIDIA GeForce GTX 1660 Ti 16 GB Memory 512 GB PCIe SSD Windows 10 Pro 64-bit Gaming Laptop",1799.0,ASUS,Rating + 5,1,Special Shipping,,0,"15.6""",i7,GTX 1660,,512 GB PCIe SSD
"Refurbished: Alienware 14 ALW14-1250sLV 14-Inch Gaming Laptop (i5-4210M, 8GB Memory, 500GB Hard Drive, GT 750M Graphics, Windows 10) Grade B",699.0,DELL,Rating + 5,1,Special Shipping,,0,,i5,,500GB Hard Drive,
"DELL Alienware 17 R5 AW17R5-7472SLV 17.3"" 60 Hz IPS Intel Core i7 8th Gen 8750H (2.20 GHz) NVIDIA GeForce GTX 1070 16 GB Memory 256 GB SSD 1 TB HDD Windows 10 Home 64-bit Gaming Laptop",1839.0,DELL,Rating + 5,1,Free Shipping,26%,0,"17.3""",R5,GTX 1070,1 TB HDD,256 GB SSD
"Lenovo IdeaPad 330 81FL0066US 17.3"" IPS Intel Core i7 8th Gen 8750H (2.20 GHz) NVIDIA GeForce GTX 1050 12 GB Memory 1 TB HDD 16 GB Optane Memory Windows 10 Home 64-bit Gaming Laptop",1006.0,Lenovo,Rating + 3,1,Free Shipping,,0,"17.3""",i7,GTX 1050,1 TB HDD,
"Acer A717-71G-707B 17.3"" Intel Core i7 7th Gen 7700HQ (2.80 GHz) NVIDIA GeForce GTX 1060 16 GB Memory 256 GB SSD 1 TB HDD Windows 10 Home 64-Bit Gaming Laptop",1351.0,Acer America,Rating + 2,1,$13.99 Shipping,,0,"17.3""",i7,GTX 1060,1 TB HDD,256 GB SSD
"DELL Inspiron 15 7000 Gaming Laptop Intel Core i5 6300HQ (2.30 GHz) 8 GB Memory 256 GB SSD NVIDIA GeForce GTX 960M 4 GB 15.6"" FHD 1920 x 1080 Windows 10 Home 64-Bit",869.0,DELL,Rating + 1,1,Free Shipping,,0,"15.6""",i5,GTX 960,,256 GB SSD
"ASUS G703GS-WS71 17.3"" FHD 144Hz Intel i7-8750H NVIDIA GTX 1070 16GB DDR4 2666Mhz 1TB SSHD FireCuda Windows 10 ROG AURA RGB",2199.0,ASUS,Rating + 1,1,Special Shipping,23%,0,"17.3""",i7,GTX 1070,,
"ASUS G703GI-XS98K 17.3"" 144Hz FHD Intel i9-8950HK NVIDIA GTX 1080 32GB DDR4 2666 2x256GB 2TB SSHD Windows 10 Pro ROG AURA RGB",3649.0,ASUS,Rating + 5,1,Free Shipping,,0,"17.3""",i9,GTX 1080,,
"Lenovo Legion Y520 80WK00FCUS 15.6"" IPS Intel Core i7 7th Gen 7700HQ (2.80 GHz) NVIDIA GeForce GTX 1050 Ti 8 GB Memory 128 GB M.2 PCIe SSD 1 TB HDD Windows 10 Home 64-Bit Gaming Laptop",1049.0,Lenovo,Rating + 3,1,$5.58 Shipping,28%,0,"15.6""",i7,GTX 1050,1 TB HDD,
"Lenovo Legion Y520 15.6"" FHD, Quad-Core i7 7700HQ 2.8GHz, 16GB RAM, 512GB NVMe SSD, 6GB Nvidia GeForce GTX 1060, WIFI & BT, USB C, USB 3.0, HDMI 2.0, Harman Audio, Windows 10 Pro 7th Gen Gaming Laptop",1199.0,Lenovo,Rating + 1,1,Free Shipping,37%,0,"15.6""",i7,GTX 1060,,512GB NVMe SSD
Eluktronics N950KP6 Premium VR Ready Gaming Laptop - Intel G4560 Dual Core Desktop CPU 6GB GDDR5 NVIDIA GeForce 1060 GPU 15.6” 72% NTSC Full HD IPS RGB Backlit Keys 256GB SATA SSD + 8GB DDR4 RAM,968.0,Eluktronics,Rating + 5,1,Special Shipping,19%,0,15.6”,R5,,,
Eluktronics P640RE Premium Gaming Laptop PC - Intel Core i7-6700HQ Quad Core Windows 10 Home 3GB 970M GTX GDDR5 14.0” Full HD IPS Display 128GB Eluktro Pro-X PCIe SSD + 1TB Hybrid HDD 8GB DDR4 RAM,1478.0,Eluktronics,Rating + 2,1,Special Shipping,20%,0,14.0”,i7,,,
Eluktronics P640RE Premium Gaming Laptop PC - Intel Core i7-6700HQ Quad Core Windows 10 Home 3GB 970M GTX GDDR5 14.0” Full HD IPS Anti-Glare Display 128GB Eluktro Pro Performance SSD 32GB DDR4 RAM,1631.0,Eluktronics,Rating + 5,1,Special Shipping,16%,0,14.0”,i7,,,
"HIDevolution ASUS ROG Strix GL703GS Scar 17.3” FHD 144Hz Gaming Laptop | 2.2 GHz i7-8750H, GTX 1070, 16GB DDR4/2666MHz RAM, PCIe 512GB SSD + 1TB SSHD | Authorized Performance Upgrades & Warranty",1899.0,ASUS,Rating + 1,1,Free Shipping,,0,17.3”,i7,GTX 1070,,512GB SSD
"ASUS ROG GL703GM Gaming Notebook, 17.3"" 120 Hz FHD, Intel 6-Core i7-8750H Upto 4.1GHz, 32GB RAM, 2TB SSD, GTX 1060, MiniDP, HDMI, Card Reader, Backlit Keys, Wi-Fi, BT, Windows 10 Pro",1659.0,ASUS,Rating + 1,1,Free Shipping,20%,0,"17.3""",i7,GTX 1060,,2TB SSD
"HIDevolution ASUS ROG G703GX 17.3"" FHD 144Hz Gaming Laptop | 2.2 GHz i7-8750H, RTX 2080, 16GB 2666MHz RAM, PCIe 512GB SSD + 1TB SSHD | Authorized Performance Upgrades & Warranty",2999.0,ASUS,Rating + 5,1,Special Shipping,,0,"17.3""",i7,RTX 2080,,512GB SSD
"Dell Inspiron 7000 Gaming Edition 15.6 Full HD Laptop,Intel Core i5-7300HQ(up 3.5Ghz), 1 TB Hybrid HDD+256G SSD,12G DDR4,NVIDIA GTX 1050 Graphics, Bluetooth 4.2,Wind10,Compatible Windows Mixed Reality",779.0,DELL,Rating + 1,1,$5.58 Shipping,61%,0,,i5,GTX 1050,,
"Dell Inspiron 5000 Premium 15.6 Full HD Anti-Glare Gaming Laptop,Intel Core i5-7300HQ Quad-Core,NVIDIA GeForce GTX 1050 ,8GB RAM ,1TB HDD , Backlit -Keyboard, MaxxAudio,Bluetooth,HDMI,Windows 10 home",699.0,DELL,Rating + 4,1,$5.40 Shipping,30%,0,,i5,GTX 1050,1TB HDD,
"HP OMEN 15 15.6'' UHD 4K Gaming and Business Laptop (Intel i7 Quad Core, 2TB HDD + 128GB SSD, 15.6 inch UHD 3840 x 2160, 32GB RAM, GeForce GTX 1050 Ti , Win 10)",2344.0,HP,Rating + 5,1,Special Shipping,17%,0,,i7,GTX 1050,2TB HDD,128GB SSD
Eluktronics N857EK1 Premium Gaming Laptop - Intel i7 CPU NVIDIA GeForce GTX 1050Ti GPU Windows 10 Home 15.6” 60Hz Full HD IPS RGB Backlit Keys 8GB DDR4 RAM & 256GB PCIe SSD,1121.0,Eluktronics,Rating + 5,1,Special Shipping,15%,0,15.6”,i7,GTX 1050,,256GB PCIe SSD
"Dell Inspiron 7000 15.6"" Full HD Gaming Laptop | Intel i5-7300HQ Quad-Core | NVIDIA GeForce GTX 1050 | 16GB RAM | 1TB and 8GB Hybrid Hard Drive | Backlit Keyboard | Windows 10",839.0,DELL,Rating + 2,1,Free Shipping,25%,0,"15.6""",i5,GTX 1050,,
"HP OMEN 17t Premium Gaming and Business Laptop (Intel 8th Gen Coffee Lake i7-8750H, 8GB RAM, 1TB HDD, 17.3"" FHD (1920x1080) G-SYNC, GTX 1070, Thunderbolt 3, Win 10 Home) VR Ready",1599.0,HP,Rating + 4,1,Special Shipping,23%,0,"17.3""",i7,GTX 1070,1TB HDD,
"Dell Inspiron 5000 Flagship Premium 15.6"" FHD Gaming Laptop | Intel Core i5-7300HQ Quad-Core | NVIDIA GeForce GTX 1050 with 4GB GDDR5 | 16GB RAM | 1TB HDD | Backlit Keyboard | Windows 10 Home",789.0,DELL,Rating + 1,1,$5.40 Shipping,44%,0,"15.6""",i5,GTX 1050,1TB HDD,
"ASUS ROG Strix Scar II GL704GV-DS74 Gaming and Business Laptop (Intel i7-8750H 6-Core, 16GB RAM, 1TB HDD + 512GB PCIe SSD, 17.3"" FHD IPS (1920x1080), GeForce RTX 2060, RGB KB, Win 10 Home) VR Ready",1899.0,ASUS,Rating + 5,1,Special Shipping,23%,0,"17.3""",i7,RTX 2060,1TB HDD,512GB PCIe SSD
"HIDevolution MSI GE63 8SE Raider RGB 15.6"" FHD 144Hz Gaming Laptop | 2.2 GHz i7-8750H, RTX 2060, 16GB 2666MHz RAM, PCIe 256GB SSD + 1TB HDD | Authorized Performance Upgrades & Warranty",1749.0,MSI,Rating + 5,1,Special Shipping,,0,"15.6""",i7,RTX 2060,1TB HDD,256GB SSD
"2018 Newest Dell Gaming IPS Panel Laptop|15""Full HD|8th Gen Intel Six Core i7-8750H|8GB RAM|128GB SSD+1TB HDD|NVIDIA GeForce GTX1050Ti-4G|Wi-Fi 5 Dual-Band |Windows 10 Home | Alpine White",899.0,DELL,Rating + 1,1,$5.40 Shipping,22%,0,,i7,GTX1050,1TB HDD,128GB SSD
"HP Spectre x360 - 13t Home and Entertainment Laptop (Intel Core i7-8565U, 16GB RAM, 512GB SSD, 13.3"" Touch  Full HD (1920x1080), Intel UHD 620, Fingerprint, Wifi, Bluetooth, Webcam, Win 10 Home)",1349.0,HP,Rating + 5,1,Special Shipping,23%,1,"13.3""",i7,,,512GB SSD
"2019 Newest Dell 15.6"" FHD IPS High-Performance Gaming Laptop | Intel Core i5-8300H Quad-Core | 8GB+1TB HDD | GeForce GTX 1050 Ti 4GB | Backlit Keyboard | Windows 10",719.0,DELL,Rating + 3,1,$5.28 Shipping,34%,0,"15.6""",i5,GTX 1050,1TB HDD,
Refurbished: Alienware 15 R2 4K UHD Touchscreen Gaming Laptop Intel Skylake Core i7-6700HQ 16GB DDR4 Memory 128GB SSD + 1TB HDD NVIDIA GeForce GTX 980M Klipsch Audio USB 3.0 Windows 10 Professional,1299.0,DELL,Rating + 1,1,$14.95 Shipping,,1,,R2,GTX 980,1TB HDD,128GB SSD
"Refurbished: Dell Inspiron 5000 Premium 15.6 Full HD Anti-Glare Gaming Laptop,Intel Core i5-7300HQ Quad-Core,NVIDIA GeForce GTX 1050 ,8GB RAM ,1TB HDD , Backlit -Keyboard, MaxxAudio,Bluetooth,HDMI,Windows 10 home",625.0,DELL,Rating + 2,1,Free Shipping,11%,0,,i5,GTX 1050,1TB HDD,
"Refurbished: Lenovo Z50 (59436279) B Grade Certified Refurbished Notebook (Scratch & Dent) Intel Core i7 4510U (2.00 GHz) 8 GB Memory 1 TB HDD Intel HD Graphics 4400 15.6"" Windows 8.1 64-Bit",613.0,Lenovo,Rating + 4,1,Free Shipping,,0,"15.6""",i7,,1 TB HDD,
"Refurbished: Lenovo Z50 15.6"" Full HD Notebook with Intel Core i7-4510U 2.00Ghz (3.10Ghz Turbo), 8GB Memory, 1TB HDD, GeForce 820M 2GB, DVDRW DL, Windows 8.1",699.0,Lenovo,Rating + 5,1,Free Shipping,,0,"15.6""",i7,,1TB HDD,
"Refurbished: HP Omen 17-an012dx 17.3"" FHD Gaming Laptop i7-7700HQ 12GB 1TB RX 580 W10",892.0,HP,Rating + 3,1,Free Shipping,,0,"17.3""",i7,,,
"Refurbished: HP ENVY x360 15-bq276nr 15.6"" FHD Touchscreen Laptop Ryzen 5 2500U 12GB 1TB",550.0,HP,Rating + 1,1,Special Shipping,31%,1,"15.6""",,,,
"Refurbished: Acer Predator 15 G9-591-70VM 15.6"" IPS Intel Core i7 6th Gen 6700HQ (2.60 GHz) NVIDIA GeForce GTX 970M 16 GB Memory 128 GB SSD 1 TB HDD Windows 10 Home 64-Bit Gaming Laptop",949.0,Acer America,Rating + 1,1,Free Shipping,37%,0,"15.6""",i7,GTX 970,1 TB HDD,128 GB SSD
"Refurbished: MSI GS Series GS65 STEALTH THIN-037 15.6"" 144 Hz IPS Intel Core i7 8th Gen 8750H (2.20 GHz) NVIDIA GeForce GTX 1070 16 GB Memory 512 GB SSD Windows 10 Home 64-bit Gaming Laptop",1469.0,MSI,Rating + 2,1,Free Shipping,26%,0,"15.6""",i7,GTX 1070,,512 GB SSD
"Open Box: ASUS ROG Strix SCAR II GL504GS-DH76, 15.6"" 144 Hz 3 ms IPS Slim Bezel Display, GeForce GTX 1070 8 GB, Intel Core i7-8750H (up to 3.9 GHz), 512 GB PCIe NVMe M.2 SSD, 16 GB DDR4, RGB Keyboard",1600.0,ASUS,Rating + 4,1,Free Shipping,20%,0,"15.6""",i7,GTX 1070,,
"Open Box: ASUS FX502VM-AS73 Gaming Laptop Intel Core i7 7th Gen 7700HQ (2.80 GHz) 16 GB DDR4 Memory 1 TB HDD 128 GB SSD NVIDIA GeForce GTX 1060 3 GB GDDR5 VR Ready 15.6"" Windows 10 Home 64-Bit",969.0,ASUS,Rating + 4,1,Free Shipping,22%,0,"15.6""",i7,GTX 1060,1 TB HDD,128 GB SSD
